cod_ibge;ano;ec_por_1000_trabalhadores;nome_municipio
5200050;2025;49.41957;Abadia de Goiás
3100104;2025;3.45304;Abadia dos Dourados
5200100;2025;5.35771;Abadiânia
1500107;2025;12.33293;Abaetetuba
3100203;2025;11.66045;Abaeté
2300101;2025;25.82645;Abaiara
2900207;2025;3.27511;Abaré
4100103;2025;9.49367;Abatiá
2900108;2025;0;Abaíra
4200051;2025;46.60194;Abdon Batista
1500131;2025;6.25;Abel Figueiredo
4200101;2025;11.79428;Abelardo Luz
3100302;2025;21.96325;Abre Campo
2600054;2025;30.69467;Abreu e Lima
1700251;2025;4.914;Abreulândia
3100401;2025;0;Acaiaca
2900306;2025;0.47461;Acajutiba
2300150;2025;11.24297;Acarape
2300200;2025;11.93502;Acaraú
2400109;2025;4.33437;Acari
1500206;2025;9.23148;Acará
2200053;2025;57.69231;Acauã
4300034;2025;9.68858;Aceguá
2300309;2025;7.26783;Acopiara
5100102;2025;3.0303;Acorizal
1200013;2025;16.92184;Acrelândia
5200134;2025;7.29761;Acreúna
3500105;2025;12.96435;Adamantina
5200159;2025;2.8169;Adelândia
3500204;2025;8.20419;Adolfo
4100202;2025;17.73982;Adrianópolis
2900355;2025;3.93922;Adustina
2600104;2025;19.17075;Afogados da Ingazeira
2400307;2025;5.95238;Afonso Bezerra
3200102;2025;14.06713;Afonso Cláudio
2100105;2025;15.625;Afonso Cunha
2600203;2025;15.11335;Afrânio
1500305;2025;0;Afuá
2600302;2025;7.93167;Agrestina
2200103;2025;31.81818;Agricolândia
4200200;2025;16.97752;Agrolândia
4200309;2025;17.41655;Agronômica
3100807;2025;9.61538;Aguanil
3500303;2025;44.70736;Aguaí
4300109;2025;19.79545;Agudo
3500709;2025;9.79971;Agudos
4100301;2025;8.39251;Agudos do Sul
2500205;2025;0;Aguiar
1700301;2025;1.05208;Aguiarnópolis
3101102;2025;45.04505;Aimorés
2900603;2025;0;Aiquara
2300408;2025;2.07684;Aiuaba
3101201;2025;0.66401;Aiuruoca
4300208;2025;13.28904;Ajuricaba
3101300;2025;0;Alagoa
2500304;2025;14.28061;Alagoa Grande
2500403;2025;2.53936;Alagoa Nova
2500502;2025;0.89888;Alagoinha
2600609;2025;10.5673;Alagoinha
2200251;2025;0;Alagoinha do Piauí
2900702;2025;33.12024;Alagoinhas
3500758;2025;0.85106;Alambari
3101409;2025;4.65839;Albertina
2500536;2025;18.33741;Alcantil
5000252;2025;10.39169;Alcinópolis
2900801;2025;6.3678;Alcobaça
2100204;2025;3.91645;Alcântara
2300507;2025;11.16751;Alcântaras
2100303;2025;2.2686;Aldeias Altas
4300307;2025;10.11804;Alecrim
3200201;2025;24.70646;Alegre
4300406;2025;23.31706;Alegrete
2200277;2025;0;Alegrete do Piauí
4300455;2025;0;Alegria
1500404;2025;19.71657;Alenquer
2400505;2025;16.06426;Alexandria
5200308;2025;17.13645;Alexânia
3101607;2025;20.30959;Alfenas
3200300;2025;20.9351;Alfredo Chaves
3500808;2025;2.55591;Alfredo Marcondes
3101631;2025;9.69163;Alfredo Vasconcelos
4200705;2025;19.4421;Alfredo Wagner
2500577;2025;0;Algodão de Jandaíra
2500601;2025;4.53583;Alhandra
2600708;2025;5.34759;Aliança
1700350;2025;52.50205;Aliança do Tocantins
2900900;2025;0;Almadina
1700400;2025;9.36524;Almas
1500503;2025;3.75299;Almeirim
3101706;2025;24.38408;Almenara
2400604;2025;0;Almino Afonso
4100400;2025;19.96771;Almirante Tamandaré
4300471;2025;0;Almirante Tamandaré do Sul
5200506;2025;0;Aloândia
3101805;2025;9.5057;Alpercata
4300505;2025;21.80685;Alpestre
3101904;2025;13.6405;Alpinópolis
5100250;2025;25.46784;Alta Floresta
1100015;2025;21.53316;Alta Floresta D'Oeste
3500907;2025;0.9311;Altair
1500602;2025;30.05596;Altamira
2100402;2025;0;Altamira do Maranhão
4100459;2025;0;Altamira do Paraná
2300606;2025;7.94439;Altaneira
3102001;2025;53.34115;Alterosa
2600807;2025;0.70621;Altinho
3501004;2025;5.41377;Altinópolis
1400050;2025;11.1836;Alto Alegre
3501103;2025;1.58479;Alto Alegre
4300554;2025;0;Alto Alegre
2100436;2025;6.36943;Alto Alegre do Maranhão
2100477;2025;5.33017;Alto Alegre do Pindaré
1100379;2025;13.46801;Alto Alegre dos Parecis
5100300;2025;16.59542;Alto Araguaia
4200754;2025;0;Alto Bela Vista
5100359;2025;22.09302;Alto Boa Vista
3102050;2025;14.43001;Alto Caparaó
4300570;2025;0;Alto Feliz
5100409;2025;4.2328;Alto Garças
5200555;2025;2.03429;Alto Horizonte
3153509;2025;42.73504;Alto Jequitibá
2200301;2025;3.59712;Alto Longá
5100508;2025;3.50877;Alto Paraguai
4100608;2025;7.0922;Alto Paraná
1100403;2025;16.05996;Alto Paraíso
4128625;2025;9.36768;Alto Paraíso
5200605;2025;46.02151;Alto Paraíso de Goiás
2100501;2025;1.13701;Alto Parnaíba
4100707;2025;14.01484;Alto Piquiri
3102100;2025;13.87407;Alto Rio Doce
3200359;2025;5.31915;Alto Rio Novo
2300705;2025;1.32392;Alto Santo
5100607;2025;6.03969;Alto Taquari
2400703;2025;8.74751;Alto do Rodrigues
2200400;2025;29.07916;Altos
4100509;2025;13.09192;Altônia
3501152;2025;0.36585;Alumínio
3102209;2025;2.09205;Alvarenga
1300029;2025;0;Alvarães
3501509;2025;2.5641;Alvinlândia
3102308;2025;6.25217;Alvinópolis
1700707;2025;11.34122;Alvorada
4300604;2025;22.88096;Alvorada
1100346;2025;5.45455;Alvorada D'Oeste
3102407;2025;29.34272;Alvorada de Minas
2200459;2025;0;Alvorada do Gurguéia
5200803;2025;19.42446;Alvorada do Norte
4100806;2025;10.49869;Alvorada do Sul
3101508;2025;19.75226;Além Paraíba
1400027;2025;0;Amajari
5000609;2025;15.66844;Amambai
4100905;2025;5.12164;Amaporã
1600105;2025;0;Amapá
2100550;2025;0;Amapá do Maranhão
2600906;2025;5.39811;Amaraji
4300638;2025;26.75585;Amaral Ferrador
5200829;2025;0;Amaralina
2200509;2025;28.05611;Amarante
2100600;2025;1.36924;Amarante do Maranhão
2901007;2025;15.18362;Amargosa
1300060;2025;0;Amaturá
3501608;2025;37.99803;Americana
5200852;2025;39.35185;Americano do Brasil
4300646;2025;201.77103;Ametista do Sul
2300754;2025;2.7114;Amontada
5200902;2025;0;Amorinópolis
2500734;2025;0;Amparo
3501905;2025;12.73561;Amparo
2800100;2025;1.74216;Amparo de São Francisco
3102506;2025;23.85686;Amparo do Serra
4101002;2025;59.49896;Ampére
2901106;2025;11.8067;Amélia Rodrigues
2901155;2025;0;América Dourada
3501707;2025;12.12695;Américo Brasiliense
3501806;2025;7.12251;Américo de Campos
2700201;2025;5.34402;Anadia
2901205;2025;6.33147;Anagé
4101051;2025;0;Anahy
2100709;2025;7.5188;Anajatuba
1500701;2025;0;Anajás
3502002;2025;9.75927;Analândia
1300086;2025;0;Anamã
1500800;2025;17.53107;Ananindeua
1701002;2025;6.51769;Ananás
1500859;2025;14.40922;Anapu
2100808;2025;6.86892;Anapurus
5000708;2025;5.5355;Anastácio
5000807;2025;2.72851;Anaurilândia
3200409;2025;7.50429;Anchieta
4200804;2025;5.89536;Anchieta
2901304;2025;27.12934;Andaraí
4101101;2025;13.95054;Andirá
2901353;2025;1.19808;Andorinha
3102605;2025;15.96653;Andradas
3502101;2025;15.73403;Andradina
3102803;2025;7.26612;Andrelândia
4300661;2025;0;André da Rocha
3502200;2025;6.23636;Angatuba
2601003;2025;0.95694;Angelim
4200903;2025;34.21053;Angelina
3102852;2025;9.28793;Angelândia
2901403;2025;3.53982;Angical
2200608;2025;38.73239;Angical do Piauí
1701051;2025;0;Angico
2400802;2025;16.88889;Angicos
3300100;2025;22.01946;Angra dos Reis
2901502;2025;1.08932;Anguera
5000856;2025;1.43006;Angélica
5201207;2025;0;Anhanguera
3502309;2025;4.97925;Anhembi
3502408;2025;6.27943;Anhumas
5201306;2025;64.41342;Anicuns
4201000;2025;22.55639;Anita Garibaldi
4201109;2025;4.87013;Anitápolis
1300102;2025;0;Anori
4300703;2025;16.26545;Anta Gorda
2901601;2025;7.69823;Antas
4101200;2025;7.4928;Antonina
2300804;2025;9.40439;Antonina do Norte
2200806;2025;0;Antônio Almeida
2901700;2025;10.30928;Antônio Cardoso
3102902;2025;3.78788;Antônio Carlos
4201208;2025;12.26652;Antônio Carlos
3103009;2025;0.96092;Antônio Dias
2901809;2025;12.89566;Antônio Gonçalves
5000906;2025;1.98151;Antônio João
2400901;2025;2.47525;Antônio Martins
4101309;2025;5.59284;Antônio Olinto
4300802;2025;18.28411;Antônio Prado
3103108;2025;0;Antônio Prado de Minas
5201108;2025;19.88053;Anápolis
2200707;2025;8.66337;Anísio de Abreu
2500775;2025;14.33297;Aparecida
3502507;2025;36.75617;Aparecida
3502606;2025;17.41803;Aparecida d'Oeste
5201405;2025;27.41286;Aparecida de Goiânia
5201454;2025;19.41748;Aparecida do Rio Doce
1701101;2025;11.51832;Aparecida do Rio Negro
5001003;2025;78.38851;Aparecida do Taboado
3300159;2025;7.08906;Aperibé
3200508;2025;8.50159;Apiacá
5100805;2025;11.84669;Apiacás
3502705;2025;4.57691;Apiaí
2100832;2025;0;Apicum-Açu
4201257;2025;15.39942;Apiúna
2401008;2025;17.63787;Apodi
2901908;2025;0.58548;Aporá
5201504;2025;2.63273;Aporé
2901957;2025;9.2081;Apuarema
4101408;2025;28.74969;Apucarana
2300903;2025;5.54401;Apuiarés
1300144;2025;19.94852;Apuí
2800209;2025;7.55034;Aquidabã
5001102;2025;11.55892;Aquidauana
2301000;2025;59.38361;Aquiraz
4201273;2025;2.5641;Arabutã
2800308;2025;25.6524;Aracaju
2301109;2025;17.15418;Aracati
2902005;2025;2.84698;Aracatu
2902104;2025;10.21688;Araci
3103306;2025;0;Aracitaba
2301208;2025;2.27414;Aracoiaba
3200607;2025;9.16664;Aracruz
5201702;2025;24.40347;Aragarças
5201801;2025;17.60325;Aragoiânia
1701309;2025;0;Aragominas
1701903;2025;3.84615;Araguacema
5101001;2025;0.85985;Araguaiana
5101209;2025;0;Araguainha
1702158;2025;6.82594;Araguanã
2100873;2025;6.92042;Araguanã
5202155;2025;0.78247;Araguapaz
3103504;2025;20.31515;Araguari
1702208;2025;25.97403;Araguatins
1702000;2025;17.1062;Araguaçu
1702109;2025;23.73195;Araguaína
2100907;2025;1.48765;Araioses
5001243;2025;3.20513;Aral Moreira
2902203;2025;5.39084;Aramari
4300851;2025;0;Arambaré
2100956;2025;0;Arame
3503000;2025;7.80379;Aramina
3503109;2025;4.23472;Arandu
3103603;2025;1.85529;Arantina
3503158;2025;56.93069;Arapeí
2700300;2025;32.06014;Arapiraca
1702307;2025;6.07533;Arapoema
3103702;2025;12.06897;Araponga
4101507;2025;15.55221;Arapongas
3103751;2025;0.58156;Araporã
4101606;2025;7.08672;Arapoti
5101258;2025;19.48669;Araputanga
3103801;2025;2.47219;Arapuá
4101655;2025;3.79507;Arapuã
4201307;2025;10.98852;Araquari
2500908;2025;32.48464;Arara
4201406;2025;30.77168;Araranguá
3503208;2025;24.07309;Araraquara
3503307;2025;18.8999;Araras
2301257;2025;0;Ararendá
2101004;2025;16.72085;Arari
4300877;2025;14.01869;Araricá
2301307;2025;2.57235;Araripe
2601102;2025;22.26862;Araripina
3300209;2025;21.08434;Araruama
2501005;2025;7.79221;Araruna
4101705;2025;5.88782;Araruna
2902252;2025;0.45725;Arataca
4300901;2025;18.84058;Aratiba
2301406;2025;20.34261;Aratuba
2902302;2025;41.06548;Aratuípe
4101804;2025;15.71751;Araucária
2800407;2025;3.47947;Arauá
3104007;2025;18.41228;Araxá
2500809;2025;1.20773;Araçagi
3502754;2025;4.38799;Araçariguama
2902054;2025;6.52174;Araças
3502804;2025;37.40169;Araçatuba
3103207;2025;0;Araçaí
2601052;2025;14.54741;Araçoiaba
3502903;2025;45.10016;Araçoiaba da Serra
5201603;2025;19.8556;Araçu
3103405;2025;55.2158;Araçuaí
3103900;2025;14.04787;Araújos
3104106;2025;10;Arceburgo
3503356;2025;0;Arco-Íris
3104205;2025;19.25071;Arcos
2601201;2025;19.31102;Arcoverde
3104304;2025;22.33597;Areado
3300225;2025;5.46448;Areal
3503406;2025;11.00917;Arealva
2501104;2025;2.01816;Areia
2401107;2025;7.82076;Areia Branca
2800506;2025;3.83772;Areia Branca
2501153;2025;0;Areia de Baraúnas
2501203;2025;3.48837;Areial
3503505;2025;0;Areias
3503604;2025;4.73373;Areiópolis
5101308;2025;46.10951;Arenápolis
5202353;2025;0;Arenópolis
3104403;2025;0;Argirita
3104452;2025;17.2043;Aricanduva
3104502;2025;9.30565;Arinos
5101407;2025;13.39713;Aripuanã
1100023;2025;23.28761;Ariquemes
3503703;2025;2.06754;Ariranha
4101853;2025;2.84091;Ariranha do Ivaí
4201505;2025;13.67366;Armazém
3300233;2025;10.63678;Armação dos Búzios
2301505;2025;0;Arneiroz
2200905;2025;0;Aroazes
2501302;2025;31.46853;Aroeiras
2200954;2025;0;Aroeiras do Itaim
2201002;2025;0;Arraial
3300258;2025;8.59845;Arraial do Cabo
1702406;2025;8.67888;Arraias
4301305;2025;22.6601;Arroio Grande
4201604;2025;19.05717;Arroio Trinta
4301008;2025;23.47474;Arroio do Meio
4301073;2025;0;Arroio do Padre
4301057;2025;39.65107;Arroio do Sal
4301206;2025;32.45887;Arroio do Tigre
4301107;2025;39.47368;Arroio dos Ratos
3503802;2025;19.97012;Artur Nogueira
5202502;2025;3.53357;Aruanã
3503901;2025;16.1295;Arujá
4201653;2025;0;Arvoredo
4301404;2025;65.54878;Arvorezinha
2401206;2025;2.03355;Arês
4201703;2025;4.74415;Ascurra
3503950;2025;0;Aspásia
2301604;2025;11.2782;Assaré
4101903;2025;15.85145;Assaí
3504008;2025;35.181;Assis
1200054;2025;1.30378;Assis Brasil
4102000;2025;19.41209;Assis Chateaubriand
2501351;2025;0;Assunção
2201051;2025;2.75482;Assunção do Piauí
3104601;2025;6.5703;Astolfo Dutra
4102109;2025;15.64012;Astorga
2700409;2025;4.33526;Atalaia
4102208;2025;18.81468;Atalaia
1300201;2025;0;Atalaia do Norte
4201802;2025;3.1348;Atalanta
3104700;2025;19.40994;Ataléia
3504107;2025;41.06355;Atibaia
3200706;2025;8.22622;Atilio Vivacqua
1702554;2025;15.05017;Augustinópolis
1500909;2025;6.54622;Augusto Corrêa
4301503;2025;4.13223;Augusto Pestana
2401305;2025;8.56164;Augusto Severo (Campo Grande)
3104809;2025;22.16749;Augusto de Lima
2902401;2025;12.92744;Aurelino Leal
3504206;2025;49.23761;Auriflama
5202601;2025;1.89394;Aurilândia
2301703;2025;7.10262;Aurora
4201901;2025;6.46204;Aurora
1500958;2025;7.08104;Aurora do Pará
1702703;2025;0;Aurora do Tocantins
1300300;2025;0;Autazes
3504404;2025;14.62866;Avanhandava
3504503;2025;15.1122;Avaré
3504305;2025;0;Avaí
1501006;2025;0;Aveiro
2201101;2025;0;Avelino Lopes
5202809;2025;0;Avelinópolis
2101103;2025;0;Axixá
1702901;2025;9.93049;Axixá do Tocantins
2100055;2025;28.45604;Açailândia
2400208;2025;24.11153;Açu
3100500;2025;29.09648;Açucena
1703008;2025;2.09424;Babaçulândia
2101202;2025;20.27538;Bacabal
2101251;2025;14.80638;Bacabeira
2101301;2025;8.55615;Bacuri
2101350;2025;0;Bacurituba
3504602;2025;30.72983;Bady Bassitt
3104908;2025;17.72962;Baependi
1501105;2025;0;Bagre
4301602;2025;17.98306;Bagé
2902500;2025;63.09904;Baianópolis
2902609;2025;7.9646;Baixa Grande
2201150;2025;9.06149;Baixa Grande do Ribeiro
2301802;2025;1.22249;Baixio
3200805;2025;28.68339;Baixo Guandu
1501204;2025;3.23974;Baião
3504701;2025;0;Balbinos
3105004;2025;0;Baldim
5203104;2025;0;Baliza
4201950;2025;17.53361;Balneário Arroio do Silva
4202057;2025;10.91142;Balneário Barra do Sul
4202008;2025;50.44392;Balneário Camboriú
4202073;2025;22.40896;Balneário Gaivota
4301636;2025;24.93075;Balneário Pinhal
4212809;2025;29.06625;Balneário Piçarras
4220000;2025;15.06478;Balneário Rincão
4102307;2025;31.43842;Balsa Nova
2101400;2025;17.08717;Balsas
3105103;2025;29.22209;Bambuí
2301851;2025;16.74277;Banabuiú
3504909;2025;6.47088;Bananal
2501500;2025;12.44635;Bananeiras
3105202;2025;2.30947;Bandeira
3105301;2025;18.16347;Bandeira do Sul
4202081;2025;0;Bandeirante
4102406;2025;22.43211;Bandeirantes
5001508;2025;4.73934;Bandeirantes
1703057;2025;1.12994;Bandeirantes do Tocantins
1501253;2025;1.62602;Bannach
2902658;2025;5.78704;Banzaê
2401453;2025;30.89125;Baraúna
2501534;2025;4.49438;Baraúna
3105608;2025;18.16007;Barbacena
2301901;2025;12.82599;Barbalha
3505104;2025;0;Barbosa
4102505;2025;49.49314;Barbosa Ferraz
1501303;2025;3.35291;Barcarena
2401503;2025;0;Barcelona
1300409;2025;2.53165;Barcelos
3505203;2025;19.09722;Bariri
2902708;2025;21.21937;Barra
3505302;2025;8.98062;Barra Bonita
4202099;2025;0;Barra Bonita
2201176;2025;3.31126;Barra D'Alcântara
4301958;2025;3.16122;Barra Funda
3105707;2025;8.19672;Barra Longa
3300407;2025;24.83173;Barra Mansa
4202107;2025;23.41514;Barra Velha
2902807;2025;18.83502;Barra da Estiva
2601300;2025;11.83432;Barra de Guabiraba
2501609;2025;11.62791;Barra de Santa Rosa
2501575;2025;0;Barra de Santana
2700508;2025;3.37268;Barra de Santo Antônio
3200904;2025;29.27546;Barra de São Francisco
2501708;2025;19.35484;Barra de São Miguel
2700607;2025;3.70256;Barra de São Miguel
5101704;2025;25.37274;Barra do Bugres
3505351;2025;0;Barra do Chapéu
2902906;2025;39.82892;Barra do Choça
2101608;2025;13.44477;Barra do Corda
5101803;2025;26.32329;Barra do Garças
4301859;2025;0;Barra do Guarita
4102703;2025;0;Barra do Jacaré
2903003;2025;14.30615;Barra do Mendes
1703073;2025;0;Barra do Ouro
3300308;2025;21.93627;Barra do Piraí
4301875;2025;0;Barra do Quaraí
4301909;2025;16.75393;Barra do Ribeiro
4301925;2025;0;Barra do Rio Azul
2903102;2025;0;Barra do Rocha
3505401;2025;0;Barra do Turvo
2800605;2025;5.39523;Barra dos Coqueiros
4102604;2025;49.43115;Barracão
4301800;2025;13.2626;Barracão
2201200;2025;37.90925;Barras
2301950;2025;36.12982;Barreira
2903201;2025;21.88795;Barreiras
2201309;2025;21.20141;Barreiras do Piauí
1300508;2025;1.81708;Barreirinha
2101707;2025;8.2392;Barreirinhas
2601409;2025;14.89758;Barreiros
3505500;2025;34.52335;Barretos
3505609;2025;5.48299;Barrinha
2302008;2025;20.87542;Barro
2903235;2025;1.06724;Barro Alto
5203203;2025;4.70348;Barro Alto
2201408;2025;0;Barro Duro
2903300;2025;3.78788;Barro Preto
2903276;2025;19.95906;Barrocas
1703107;2025;10.43478;Barrolândia
2302057;2025;13.15789;Barroquinha
4302006;2025;44.74708;Barros Cassal
3105905;2025;18.75148;Barroso
3505708;2025;94.81659;Barueri
4301651;2025;1.88947;Barão
3505005;2025;0;Barão de Antonina
3105400;2025;5.57713;Barão de Cocais
4301701;2025;83.85876;Barão de Cotegipe
2101509;2025;15.85678;Barão de Grajaú
5101605;2025;3.33333;Barão de Melgaço
3105509;2025;0;Barão de Monte Alto
4301750;2025;0;Barão do Triunfo
3505807;2025;11.06282;Bastos
5001904;2025;7.71978;Bataguassu
2201507;2025;11.95219;Batalha
2700706;2025;7.14286;Batalha
3505906;2025;25.93202;Batatais
5002001;2025;3.78072;Batayporã
2302107;2025;48.31975;Baturité
3506003;2025;31.17992;Bauru
2501807;2025;9.61459;Bayeux
2401404;2025;2.21589;Baía Formosa
2501401;2025;1.91571;Baía da Traição
3506102;2025;16.74097;Bebedouro
2302206;2025;10.49956;Beberibe
2302305;2025;7.96178;Bela Cruz
5002100;2025;12.92109;Bela Vista
4102752;2025;2.19298;Bela Vista da Caroba
5203302;2025;13.44123;Bela Vista de Goiás
3106002;2025;8.22785;Bela Vista de Minas
2101772;2025;0;Bela Vista do Maranhão
4102802;2025;13.79554;Bela Vista do Paraíso
2201556;2025;0;Bela Vista do Piauí
4202131;2025;3.93185;Bela Vista do Toldo
3300456;2025;7.74616;Belford Roxo
3106101;2025;0;Belmiro Braga
2903409;2025;2.8401;Belmonte
4202156;2025;0;Belmonte
2903508;2025;12.52236;Belo Campo
3106200;2025;32.23777;Belo Horizonte
2601706;2025;9.83977;Belo Jardim
2700904;2025;3.50877;Belo Monte
3106309;2025;3.219;Belo Oriente
3106408;2025;4.02145;Belo Vale
1501451;2025;4.33754;Belterra
2101731;2025;0;Belágua
1501402;2025;22.61033;Belém
2501906;2025;13.57466;Belém
2700805;2025;0;Belém
2601508;2025;11.90476;Belém de Maria
2502003;2025;0;Belém do Brejo do Cruz
2201572;2025;71.86858;Belém do Piauí
2601607;2025;194.87909;Belém do São Francisco
2201606;2025;4.59242;Beneditinos
2101806;2025;22.16066;Benedito Leite
4202206;2025;12.47338;Benedito Novo
1501501;2025;2.88012;Benevides
1300607;2025;5.59747;Benjamin Constant
4302055;2025;0;Benjamin Constant do Sul
2401602;2025;3.40136;Bento Fernandes
4302105;2025;38.93099;Bento Gonçalves
3506201;2025;0.97847;Bento de Abreu
2101905;2025;0;Bequimão
3106507;2025;64.51613;Berilo
3106655;2025;0;Berizal
2502052;2025;0;Bernardino Batista
3506300;2025;2.28683;Bernardino de Campos
1703206;2025;0;Bernardo Sayão
2101939;2025;0;Bernardo do Mearim
3506359;2025;26.53846;Bertioga
2201705;2025;0;Bertolínia
3106606;2025;0;Bertópolis
1300631;2025;0;Beruri
3106705;2025;18.90162;Betim
2601805;2025;5.08044;Betânia
2201739;2025;18.69159;Betânia do Piauí
2601904;2025;12.38329;Bezerros
3106804;2025;0;Bias Fortes
3106903;2025;31.2605;Bicas
4202305;2025;25.25019;Biguaçu
3506409;2025;51.44357;Bilac
3107000;2025;5.95238;Biquinhas
3506508;2025;49.02785;Birigui
3506607;2025;11.13689;Biritiba-Mirim
2903607;2025;0;Biritinga
4102901;2025;5.84112;Bituruna
4202404;2025;80.02509;Blumenau
3107109;2025;21.80233;Boa Esperança
3201001;2025;27.18777;Boa Esperança
4103008;2025;9.34579;Boa Esperança
4103024;2025;6.17284;Boa Esperança do Iguaçu
3506706;2025;3.65271;Boa Esperança do Sul
2201770;2025;21.45923;Boa Hora
2903706;2025;3.81679;Boa Nova
2502102;2025;0;Boa Ventura
4103040;2025;3.81194;Boa Ventura de São Roque
2302404;2025;8.79037;Boa Viagem
1400100;2025;17.46918;Boa Vista
2502151;2025;8.40925;Boa Vista
4103057;2025;23.8764;Boa Vista da Aparecida
4302154;2025;3.57782;Boa Vista das Missões
4302204;2025;56.47176;Boa Vista do Buricá
4302220;2025;0;Boa Vista do Cadeado
2101970;2025;0;Boa Vista do Gurupi
4302238;2025;8.62069;Boa Vista do Incra
1300680;2025;0;Boa Vista do Ramos
4302253;2025;0;Boa Vista do Sul
2903805;2025;1.64204;Boa Vista do Tupim
2701001;2025;10.97936;Boca da Mata
1300706;2025;10.16323;Boca do Acre
2201804;2025;5.10204;Bocaina
3506805;2025;0;Bocaina
3107208;2025;5.27704;Bocaina de Minas
4202438;2025;1.65017;Bocaina do Sul
3107307;2025;13.8849;Bocaiúva
4103107;2025;3.41997;Bocaiúva do Sul
2602001;2025;14.58576;Bodocó
5002159;2025;59.17808;Bodoquena
2401651;2025;0;Bodó
3506904;2025;9.39769;Bofete
3507001;2025;30.1816;Boituva
2602100;2025;17.02128;Bom Conselho
3107406;2025;14.25054;Bom Despacho
2102002;2025;43.49975;Bom Jardim
2602209;2025;14.82989;Bom Jardim
3300506;2025;23.1504;Bom Jardim
4202503;2025;2.67857;Bom Jardim da Serra
5203401;2025;4.85044;Bom Jardim de Goiás
3107505;2025;53.0086;Bom Jardim de Minas
2201903;2025;22.17295;Bom Jesus
2401701;2025;11.34522;Bom Jesus
2502201;2025;0;Bom Jesus
4202537;2025;2.95858;Bom Jesus
4302303;2025;2.24719;Bom Jesus
2903904;2025;37.24026;Bom Jesus da Lapa
3107604;2025;11.85185;Bom Jesus da Penha
2903953;2025;2.06612;Bom Jesus da Serra
2102036;2025;4.09277;Bom Jesus das Selvas
5203500;2025;21.26289;Bom Jesus de Goiás
3107703;2025;28.18887;Bom Jesus do Amparo
5101852;2025;17.40506;Bom Jesus do Araguaia
3107802;2025;30.02502;Bom Jesus do Galho
3300605;2025;27.14513;Bom Jesus do Itabapoana
3201100;2025;52.05205;Bom Jesus do Norte
4202578;2025;0;Bom Jesus do Oeste
4103156;2025;2.68456;Bom Jesus do Sul
1501576;2025;21.41837;Bom Jesus do Tocantins
1703305;2025;2.55102;Bom Jesus do Tocantins
3507100;2025;8.64079;Bom Jesus dos Perdões
2102077;2025;24.65331;Bom Lugar
4302352;2025;15.01877;Bom Princípio
2201919;2025;0.7722;Bom Princípio do Piauí
4302378;2025;0;Bom Progresso
3107901;2025;19.37046;Bom Repouso
4202602;2025;16.17507;Bom Retiro
4302402;2025;17.91809;Bom Retiro do Sul
2502300;2025;2;Bom Sucesso
3108008;2025;10.69876;Bom Sucesso
4103206;2025;9.24214;Bom Sucesso
3507159;2025;0;Bom Sucesso de Itararé
4103222;2025;3.08642;Bom Sucesso do Sul
4202453;2025;20.16509;Bombinhas
1400159;2025;1.81488;Bonfim
3108107;2025;9.69697;Bonfim
2201929;2025;0;Bonfim do Piauí
5203559;2025;55.27273;Bonfinópolis
3108206;2025;10.79414;Bonfinópolis de Minas
2904001;2025;0;Boninal
1501600;2025;0;Bonito
2602308;2025;10.55409;Bonito
2904050;2025;22.32143;Bonito
5002209;2025;48.09511;Bonito
3108255;2025;9.83146;Bonito de Minas
2502409;2025;0;Bonito de Santa Fé
5203575;2025;2.58065;Bonópolis
2502508;2025;6.62021;Boqueirão
4302451;2025;11.14206;Boqueirão do Leão
2201945;2025;9.49367;Boqueirão do Piauí
2800670;2025;19.40821;Boquim
2904100;2025;3.91007;Boquira
3507308;2025;1.40845;Boracéia
1300805;2025;0.67461;Borba
2502706;2025;0;Borborema
3507407;2025;19.51357;Borborema
3108305;2025;13.78014;Borda da Mata
3507456;2025;12.72265;Borebi
4103305;2025;59.44625;Borrazópolis
3507209;2025;0;Borá
4302501;2025;4.25894;Bossoroca
3108404;2025;75.28409;Botelhos
3507506;2025;14.71829;Botucatu
3108503;2025;0;Botumirim
2904209;2025;11.3852;Botuporã
4202701;2025;2.76243;Botuverá
4302584;2025;0;Bozano
4302600;2025;0;Braga
4103354;2025;3.82166;Braganey
1501709;2025;23.51006;Bragança
3507605;2025;19.53885;Bragança Paulista
2701100;2025;10.41667;Branquinha
1501725;2025;48.31625;Brasil Novo
2201960;2025;0;Brasileira
5002308;2025;7.46083;Brasilândia
3108552;2025;79.68621;Brasilândia de Minas
4103370;2025;1.61031;Brasilândia do Sul
1703602;2025;0;Brasilândia do Tocantins
1200104;2025;10.34126;Brasiléia
5101902;2025;7.46269;Brasnorte
5300108;2025;34.60957;Brasília
3108602;2025;17.19457;Brasília de Minas
5203609;2025;15.17241;Brazabrantes
3108909;2025;114.62048;Brazópolis
4202800;2025;18.18058;Braço do Norte
4202859;2025;3.02343;Braço do Trombudo
3507704;2025;3.367;Braúna
3108800;2025;2.26244;Braúnas
3201159;2025;17.80233;Brejetuba
2401800;2025;19.49861;Brejinho
2602506;2025;0;Brejinho
1703701;2025;0;Brejinho de Nazaré
2102101;2025;28.16901;Brejo
3507753;2025;2.14592;Brejo Alegre
2800704;2025;0.71098;Brejo Grande
1501758;2025;0;Brejo Grande do Araguaia
2302503;2025;9.72905;Brejo Santo
2602605;2025;12.76082;Brejo da Madre de Deus
2102150;2025;0;Brejo de Areia
2502805;2025;9.69932;Brejo do Cruz
2201988;2025;0;Brejo do Piauí
2502904;2025;5.12821;Brejo dos Santos
2904407;2025;3.78788;Brejolândia
2602407;2025;1.83486;Brejão
2904308;2025;19.78417;Brejões
1501782;2025;11.39851;Breu Branco
1501808;2025;10.32075;Breves
5203807;2025;7.54401;Britânia
4302659;2025;15.20468;Brochier
3507803;2025;25.29586;Brodowski
3507902;2025;21.52191;Brotas
2904506;2025;10.37037;Brotas de Macaúbas
3109006;2025;43.22214;Brumadinho
2904605;2025;12.65195;Brumado
4202875;2025;0;Brunópolis
4202909;2025;26.93016;Brusque
3108701;2025;0;Brás Pires
3109105;2025;24.61538;Bueno Brandão
2602704;2025;3.40368;Buenos Aires
3109204;2025;9.41781;Buenópolis
2904704;2025;12.57071;Buerarema
3109253;2025;2.19298;Bugre
1200138;2025;0;Bujari
1501907;2025;0;Bujaru
3508009;2025;0.5096;Buri
3508108;2025;15.57347;Buritama
2102200;2025;12.70258;Buriti
5203906;2025;4.61484;Buriti Alegre
2102309;2025;1.221;Buriti Bravo
5203939;2025;2.17865;Buriti de Goiás
1703800;2025;22.35469;Buriti do Tocantins
2202000;2025;6.74336;Buriti dos Lopes
2202026;2025;3.24149;Buriti dos Montes
2102325;2025;10.21132;Buriticupu
5203962;2025;0;Buritinópolis
2904753;2025;5.94732;Buritirama
2102358;2025;14.89362;Buritirana
1100452;2025;31.34328;Buritis
3109303;2025;22.63484;Buritis
3508207;2025;1.94647;Buritizal
3109402;2025;9.01868;Buritizeiro
4302709;2025;5.99952;Butiá
2602803;2025;9.00901;Buíque
3504800;2025;68.67168;Bálsamo
1300839;2025;0;Caapiranga
2503001;2025;1.41443;Caaporã
5002407;2025;7.1736;Caarapó
2904803;2025;7.01139;Caatiba
2503100;2025;0;Cabaceiras
2904852;2025;10.30928;Cabaceiras do Paraguaçu
3109451;2025;0;Cabeceira Grande
5204003;2025;0;Cabeceiras
2202059;2025;3.35852;Cabeceiras do Piauí
2503209;2025;18.73916;Cabedelo
1100031;2025;3.20513;Cabixi
3300704;2025;27.2903;Cabo Frio
3109501;2025;4.44884;Cabo Verde
2602902;2025;17.75822;Cabo de Santo Agostinho
3508405;2025;7.74064;Cabreúva
2603009;2025;16.4751;Cabrobó
3508306;2025;0.87719;Cabrália Paulista
1100601;2025;16.48352;Cacaulândia
4302907;2025;9.56697;Cacequi
2904902;2025;13.64113;Cachoeira
5204102;2025;17.82178;Cachoeira Alta
3109808;2025;0;Cachoeira Dourada
5204250;2025;27.38226;Cachoeira Dourada
2102374;2025;31.57895;Cachoeira Grande
3508603;2025;62.56901;Cachoeira Paulista
3109600;2025;4.93421;Cachoeira da Prata
5204201;2025;0;Cachoeira de Goiás
3109709;2025;16.26374;Cachoeira de Minas
3102704;2025;37.45318;Cachoeira de Pajeú
1502004;2025;2.57467;Cachoeira do Arari
1501956;2025;0.78125;Cachoeira do Piriá
4303004;2025;23.62596;Cachoeira do Sul
2503308;2025;0;Cachoeira dos Índios
3300803;2025;42.06657;Cachoeiras de Macacu
1703826;2025;0;Cachoeirinha
2603108;2025;13.28904;Cachoeirinha
4303103;2025;44.30254;Cachoeirinha
3201209;2025;19.32324;Cachoeiro de Itapemirim
2503407;2025;0;Cacimba de Areia
2503506;2025;30.26634;Cacimba de Dentro
2503555;2025;1.85529;Cacimbas
2701209;2025;0;Cacimbinhas
4303202;2025;27.77778;Cacique Doble
1100049;2025;26.98808;Cacoal
3508702;2025;14.52689;Caconde
2905008;2025;120.64865;Caculé
2905156;2025;117.64706;Caetanos
3109907;2025;7.65697;Caetanópolis
2905206;2025;13.92573;Caetité
3110004;2025;17.0832;Caeté
2603207;2025;15.42258;Caetés
2905305;2025;10.96491;Cafarnaum
4103404;2025;2.89855;Cafeara
3508801;2025;10.82657;Cafelândia
4103453;2025;9.70557;Cafelândia
4103479;2025;1.37174;Cafezal do Sul
3508900;2025;0;Caiabu
3110103;2025;5.89971;Caiana
5204409;2025;10.14585;Caiapônia
4303301;2025;20.2109;Caibaté
4203105;2025;40.31857;Caibi
2402006;2025;39.00487;Caicó
3509007;2025;10.16577;Caieiras
2905404;2025;10.7062;Cairu
3509106;2025;0;Caiuá
2503605;2025;5.2687;Caiçara
4303400;2025;5.74713;Caiçara
2401859;2025;2.40964;Caiçara do Norte
2401909;2025;16.47059;Caiçara do Rio do Vento
3509205;2025;19.56508;Cajamar
2102408;2025;0;Cajapió
2102507;2025;11.40684;Cajari
3509254;2025;16.74578;Cajati
2503704;2025;29.25394;Cajazeiras
2202075;2025;3.07692;Cajazeiras do Piauí
2503753;2025;0;Cajazeirinhas
3509304;2025;80.66971;Cajobi
2701308;2025;19.03208;Cajueiro
2202083;2025;7.59494;Cajueiro da Praia
3110202;2025;0;Cajuri
3509403;2025;105.1758;Cajuru
3110301;2025;7.84152;Caldas
2503803;2025;0;Caldas Brandão
5204508;2025;50.73148;Caldas Novas
5204557;2025;60.24096;Caldazinha
2905503;2025;0.79618;Caldeirão Grande
2202091;2025;4.08163;Caldeirão Grande do Piauí
4103503;2025;74.85803;Califórnia
4203154;2025;3.31492;Calmon
2603405;2025;0;Calumbi
2603306;2025;32.58656;Calçado
1600204;2025;3.73134;Calçoene
2905602;2025;16.29802;Camacan
3110400;2025;0;Camacho
2503902;2025;0;Camalaú
2905800;2025;7.00233;Camamu
3110509;2025;18.76676;Camanducaia
5002605;2025;10.71748;Camapuã
4303509;2025;22.33587;Camaquã
2603454;2025;35.6356;Camaragibe
4303558;2025;8.57843;Camargo
2905701;2025;29.63525;Camaçari
4103602;2025;12.40342;Cambará
4303608;2025;37.93103;Cambará do Sul
4103800;2025;4.03836;Cambira
4203204;2025;56.20063;Camboriú
3300902;2025;5.71178;Cambuci
3110707;2025;9.08265;Cambuquira
3110608;2025;47.75247;Cambuí
4103701;2025;13.78842;Cambé
1502103;2025;9.60799;Cametá
2302602;2025;13.24581;Camocim
2603504;2025;12.06349;Camocim de São Félix
3110905;2025;11.91363;Campanha
3110806;2025;6.5703;Campanário
2701357;2025;0;Campestre
3111002;2025;10.28939;Campestre
4303673;2025;0;Campestre da Serra
5204607;2025;49.85337;Campestre de Goiás
2102556;2025;6.29261;Campestre do Maranhão
2504009;2025;21.92936;Campina Grande
4104006;2025;29.25144;Campina Grande do Sul
3111101;2025;13.38525;Campina Verde
4103909;2025;12.18162;Campina da Lagoa
4303707;2025;36.1727;Campina das Missões
3509452;2025;9.46372;Campina do Monte Alegre
4103958;2025;1.13122;Campina do Simão
3509502;2025;58.16745;Campinas
2202109;2025;0;Campinas do Piauí
4303806;2025;36.7428;Campinas do Sul
5204656;2025;71.08239;Campinaçu
5204706;2025;26.74897;Campinorte
5102603;2025;10.84337;Campinápolis
2701407;2025;10.13788;Campo Alegre
4203303;2025;1.78253;Campo Alegre
5204805;2025;3.8835;Campo Alegre de Goiás
2905909;2025;8.69167;Campo Alegre de Lourdes
2202117;2025;0;Campo Alegre do Fidalgo
3111150;2025;0;Campo Azul
3111200;2025;27.61668;Campo Belo
4203402;2025;6.34697;Campo Belo do Sul
4303905;2025;24.1129;Campo Bom
4104055;2025;4.89396;Campo Bonito
4203501;2025;7.33591;Campo Erê
3111408;2025;6.79432;Campo Florido
2906006;2025;15.08388;Campo Formoso
2701506;2025;1.21359;Campo Grande
5002704;2025;35.18051;Campo Grande
2202133;2025;2.36407;Campo Grande do Piauí
4104204;2025;17.39754;Campo Largo
2202174;2025;5.42005;Campo Largo do Piauí
3509601;2025;8.19975;Campo Limpo Paulista
5204854;2025;11.67883;Campo Limpo de Goiás
4104253;2025;53.39806;Campo Magro
2202208;2025;22.30066;Campo Maior
4104303;2025;24.61044;Campo Mourão
4304002;2025;75.80645;Campo Novo
1100700;2025;34.45306;Campo Novo de Rondônia
5102637;2025;11.19878;Campo Novo do Parecis
2402105;2025;1.59236;Campo Redondo
5102678;2025;18.02465;Campo Verde
2801009;2025;19.77011;Campo do Brito
3111309;2025;4.79303;Campo do Meio
4104105;2025;8.14026;Campo do Tenente
3111507;2025;11.69591;Campos Altos
5204904;2025;31.26303;Campos Belos
4304101;2025;34.16149;Campos Borges
3111606;2025;10.97338;Campos Gerais
1703842;2025;3.24675;Campos Lindos
4203600;2025;9.10482;Campos Novos
3509809;2025;0;Campos Novos Paulista
2302701;2025;3.15457;Campos Sales
5204953;2025;3.57143;Campos Verdes
5102686;2025;24.43319;Campos de Júlio
3509700;2025;47.0852;Campos do Jordão
3301009;2025;38.37255;Campos dos Goytacazes
2603603;2025;0.18325;Camutanga
3111903;2025;19.85371;Cana Verde
5102694;2025;0;Canabrava do Norte
3509908;2025;31.08808;Cananéia
2701605;2025;0.29369;Canapi
2906204;2025;4.02762;Canarana
5102702;2025;12.29009;Canarana
3509957;2025;7.7101;Canas
2202251;2025;7.40741;Canavieira
2906303;2025;13.76498;Canavieiras
3111705;2025;7.33945;Canaã
1502152;2025;13.0159;Canaã dos Carajás
2906402;2025;16.23816;Candeal
2906501;2025;22.05609;Candeias
3112000;2025;7.13621;Candeias
1100809;2025;11.79245;Candeias do Jamari
4304200;2025;25.49711;Candelária
2906600;2025;5.14403;Candiba
4304358;2025;1.61655;Candiota
4104428;2025;10.15965;Candói
4304408;2025;87.89886;Canela
4203709;2025;11.4533;Canelinha
2402204;2025;3.8633;Canguaretama
4304507;2025;22.47574;Canguçu
2801108;2025;0;Canhoba
2603702;2025;7.87106;Canhotinho
2302800;2025;22.05792;Canindé
2801207;2025;13.36044;Canindé de São Francisco
3510153;2025;9.52381;Canitar
4304606;2025;26.20733;Canoas
4203808;2025;20.29238;Canoinhas
2906808;2025;20.1495;Cansanção
3112059;2025;0;Cantagalo
3301108;2025;37.75241;Cantagalo
4104451;2025;22.17169;Cantagalo
2102705;2025;0;Cantanhede
2202307;2025;52.47567;Canto do Buriti
1400175;2025;0.49529;Cantá
2906824;2025;16.64932;Canudos
4304614;2025;0;Canudos do Vale
1300904;2025;0;Canutama
2906105;2025;0.8726;Canápolis
3111804;2025;1.8105;Canápolis
1502202;2025;22.08353;Capanema
4104501;2025;10.72555;Capanema
3112109;2025;28.25746;Caparaó
2701704;2025;6.00462;Capela
2801306;2025;7.51156;Capela
3112208;2025;14.05622;Capela Nova
4304689;2025;1.90235;Capela de Santana
3510302;2025;5.13983;Capela do Alto
2906857;2025;52.33853;Capela do Alto Alegre
3112307;2025;11.54441;Capelinha
3112406;2025;10.53325;Capetinga
2504033;2025;15.31394;Capim
3112505;2025;1.94175;Capim Branco
2906873;2025;7.85153;Capim Grosso
4203907;2025;10.50207;Capinzal
2102754;2025;20.27027;Capinzal do Norte
3112604;2025;5.52721;Capinópolis
2302909;2025;1.72911;Capistrano
4304697;2025;7.23327;Capitão
3112653;2025;17.44186;Capitão Andrade
3112703;2025;6.22084;Capitão Enéas
2202455;2025;41.23711;Capitão Gervásio Oliveira
4104600;2025;13.20755;Capitão Leônidas Marques
1502301;2025;5.80785;Capitão Poço
2202406;2025;10.40119;Capitão de Campos
3112802;2025;40.47116;Capitólio
3510401;2025;17.40388;Capivari
4203956;2025;19.26252;Capivari de Baixo
4304671;2025;4.43319;Capivari do Sul
1200179;2025;15.03759;Capixaba
2603801;2025;12.94498;Capoeiras
3112901;2025;39.01734;Caputira
4203253;2025;1.15207;Capão Alto
3510203;2025;9.38438;Capão Bonito
4304622;2025;2.36407;Capão Bonito do Sul
4304630;2025;38.35666;Capão da Canoa
4304655;2025;0;Capão do Cipó
4304663;2025;4.59217;Capão do Leão
1400209;2025;12.04819;Caracaraí
2202505;2025;10.4712;Caracol
5002803;2025;6.05536;Caracol
3510500;2025;21.12055;Caraguatatuba
4104659;2025;4.61262;Carambeí
3113107;2025;0;Caranaíba
3113206;2025;21.84622;Carandaí
3113305;2025;25.4972;Carangola
3300936;2025;45.19119;Carapebus
3510609;2025;17.68425;Carapicuíba
3113404;2025;43.55893;Caratinga
1301001;2025;0.42571;Carauari
2906907;2025;5.24934;Caravelas
4304705;2025;56.5659;Carazinho
4304713;2025;0;Caraá
3113008;2025;13.24503;Caraí
2906899;2025;8.80282;Caraíbas
2402303;2025;29.93667;Caraúbas
2504074;2025;0;Caraúbas
2202539;2025;0;Caraúbas do Piauí
3113503;2025;27.66252;Carbonita
2907004;2025;0;Cardeal da Silva
3510708;2025;12.82051;Cardoso
3301157;2025;16.0451;Cardoso Moreira
3113602;2025;10.44634;Careaçu
1301100;2025;4.70921;Careiro
1301159;2025;0;Careiro da Várzea
3201308;2025;14.97659;Cariacica
2303006;2025;12.2449;Caridade
2202554;2025;4.68165;Caridade do Piauí
2907103;2025;9.85507;Carinhanha
2801405;2025;8.62069;Carira
1703867;2025;0;Cariri do Tocantins
2303204;2025;5.31287;Caririaçu
2303105;2025;5.78704;Cariré
2303303;2025;1.5873;Cariús
5102793;2025;16.79587;Carlinda
4304804;2025;7.09505;Carlos Barbosa
3113701;2025;24.96256;Carlos Chagas
4304853;2025;0;Carlos Gomes
4104709;2025;13.29212;Carlópolis
3301207;2025;187.43891;Carmo
3113909;2025;4.14079;Carmo da Cachoeira
3114006;2025;4.44774;Carmo da Mata
3114105;2025;4.22982;Carmo de Minas
3114204;2025;7.09667;Carmo do Cajuru
3114303;2025;20.33058;Carmo do Paranaíba
3114402;2025;17.74308;Carmo do Rio Claro
5205000;2025;1.19048;Carmo do Rio Verde
1703883;2025;0;Carmolândia
3113800;2025;0;Carmésia
2801504;2025;9.18984;Carmópolis
3114501;2025;8.68175;Carmópolis de Minas
2402501;2025;1.16009;Carnaubais
2303402;2025;5.05051;Carnaubal
2603926;2025;2.15054;Carnaubeira da Penha
2603900;2025;8.64198;Carnaíba
2402402;2025;20.56555;Carnaúba dos Dantas
3114550;2025;17.69285;Carneirinho
2701803;2025;1.20773;Carneiros
1400233;2025;4.07609;Caroebe
2102804;2025;12.63872;Carolina
2604007;2025;24.52613;Carpina
3114600;2025;0;Carrancas
2504108;2025;0;Carrapateira
1703891;2025;0;Carrasco Bonito
2604106;2025;30.63019;Caruaru
2102903;2025;1.98282;Carutapera
3114808;2025;5.11945;Carvalhos
3114709;2025;0;Carvalhópolis
3510807;2025;9.74063;Casa Branca
3114907;2025;0;Casa Grande
2907202;2025;2.38037;Casa Nova
4304903;2025;11.32824;Casca
3115003;2025;0;Cascalho Rico
2303501;2025;7.41536;Cascavel
4104808;2025;40.07416;Cascavel
1703909;2025;8.91266;Caseara
4304952;2025;13.7931;Caseiros
3301306;2025;21.04174;Casimiro de Abreu
2604155;2025;3.6036;Casinhas
2504157;2025;12.86174;Casserengue
5002902;2025;18.23826;Cassilândia
1502400;2025;25.4938;Castanhal
5102850;2025;22.96965;Castanheira
1100908;2025;0;Castanheiras
3201407;2025;25.2605;Castelo
2202604;2025;24.09639;Castelo do Piauí
5205059;2025;5.98802;Castelândia
3511003;2025;5.35756;Castilho
4104907;2025;12.02046;Castro
2907301;2025;6.16333;Castro Alves
3115300;2025;10.68552;Cataguases
5205109;2025;21.66672;Catalão
3511102;2025;26.99518;Catanduva
4105003;2025;9.32529;Catanduvas
4204004;2025;9.04159;Catanduvas
2303600;2025;23.52941;Catarina
3115359;2025;42.46053;Catas Altas
3115409;2025;2.46305;Catas Altas da Noruega
2604205;2025;9.30072;Catende
3511201;2025;7.76197;Catiguá
2504207;2025;8.60215;Catingueira
2907400;2025;0;Catolândia
2504306;2025;21.43482;Catolé do Rocha
2907509;2025;15.17765;Catu
3115458;2025;1.0101;Catuji
2303659;2025;6.32184;Catunda
2907558;2025;0.2263;Caturama
5205208;2025;19.39058;Caturaí
2504355;2025;4.39239;Caturité
3115474;2025;14.42308;Catuti
4305009;2025;10.76716;Catuípe
2303709;2025;30.01076;Caucaia
5205307;2025;2.77008;Cavalcante
3115508;2025;28.31143;Caxambu
4204103;2025;3.85109;Caxambu do Sul
2103000;2025;32.4337;Caxias
4305108;2025;50.59183;Caxias do Sul
2202653;2025;13.85042;Caxingó
4203006;2025;23.24586;Caçador
3508504;2025;17.78799;Caçapava
4302808;2025;19.7664;Caçapava do Sul
5204300;2025;48.92684;Caçu
2905107;2025;1.55521;Caém
2402600;2025;18.245;Ceará-Mirim
2103109;2025;0;Cedral
3511300;2025;31.46341;Cedral
2303808;2025;16.26016;Cedro
2604304;2025;9.94318;Cedro
2801603;2025;1.4556;Cedro de São João
3115607;2025;0;Cedro do Abaeté
4204152;2025;5.70613;Celso Ramos
1704105;2025;0;Centenário
4305116;2025;2.7933;Centenário
4105102;2025;30.76923;Centenário do Sul
2907608;2025;0;Central
3115706;2025;34.57815;Central de Minas
2103125;2025;0;Central do Maranhão
3115805;2025;3.64697;Centralina
2103174;2025;8.57143;Centro Novo do Maranhão
2103158;2025;0;Centro do Guilherme
1100056;2025;32.06907;Cerejeiras
5205406;2025;14.15629;Ceres
3511409;2025;10.02719;Cerqueira César
3511508;2025;25.21478;Cerquilho
4305124;2025;8.41751;Cerrito
4105201;2025;19.6495;Cerro Azul
4305132;2025;4.38596;Cerro Branco
2402709;2025;2.29621;Cerro Corá
4305157;2025;49.18033;Cerro Grande
4305173;2025;10.6383;Cerro Grande do Sul
4305207;2025;21.22449;Cerro Largo
4204178;2025;4.90196;Cerro Negro
3511607;2025;31.05023;Cesário Lange
5205455;2025;5.49602;Cezarina
3116001;2025;17.40506;Chalé
4305306;2025;15.68304;Chapada
3116159;2025;7.39372;Chapada Gaúcha
1705102;2025;0;Chapada da Natividade
1704600;2025;0;Chapada de Areia
3116100;2025;1.66667;Chapada do Norte
5103007;2025;47.21635;Chapada dos Guimarães
2103208;2025;18.29071;Chapadinha
5205471;2025;8.78763;Chapadão do Céu
4204194;2025;23.17881;Chapadão do Lageado
5002951;2025;17.05037;Chapadão do Sul
4204202;2025;37.31816;Chapecó
3511706;2025;15.28258;Charqueada
4305355;2025;15.03561;Charqueadas
4305371;2025;0;Charrua
2303907;2025;0;Chaval
3557204;2025;40.29446;Chavantes
1502509;2025;0;Chaves
3116209;2025;0;Chiador
4305405;2025;61.58088;Chiapetta
4105409;2025;13.67902;Chopinzinho
2303956;2025;11.1465;Chorozinho
2907707;2025;0;Chorrochó
2303931;2025;4.42478;Choró
1100924;2025;7.95053;Chupinguaia
4305447;2025;0;Chuvisca
4305439;2025;8.28729;Chuí
3115904;2025;0;Chácara
2604502;2025;32.17822;Chã Grande
2701902;2025;17.68173;Chã Preta
2604403;2025;7.98838;Chã de Alegria
4105508;2025;22.99278;Cianorte
4105607;2025;3.90984;Cidade Gaúcha
5205497;2025;18.63242;Cidade Ocidental
2103257;2025;31.3099;Cidelândia
4305454;2025;38.36317;Cidreira
3116308;2025;1.74825;Cipotânea
2907905;2025;11.67728;Cipó
4305504;2025;6.84932;Ciríaco
3116407;2025;16.06805;Claraval
3116506;2025;35.62005;Claro dos Poções
3511904;2025;41.63868;Clementina
4105706;2025;13.38583;Clevelândia
5103056;2025;45.40501;Cláudia
3116605;2025;15.03332;Cláudio
2908002;2025;7.59109;Coaraci
1301209;2025;3.13173;Coari
2202703;2025;11.07266;Cocal
2202711;2025;6.06061;Cocal de Telha
4204251;2025;17.58752;Cocal do Sul
2202729;2025;11.13586;Cocal dos Alves
5103106;2025;7.41264;Cocalinho
5205513;2025;15.50388;Cocalzinho de Goiás
2908101;2025;10.08724;Cocos
1301308;2025;0.51282;Codajás
2103307;2025;15.35939;Codó
2103406;2025;46.18525;Coelho Neto
3116704;2025;14.08451;Coimbra
2702009;2025;30.68592;Coité do Nóia
2202737;2025;0;Coivaras
1502608;2025;0;Colares
3201506;2025;22.7197;Colatina
3512001;2025;6.08469;Colina
2103505;2025;9.62199;Colinas
4305587;2025;10.72961;Colinas
5205521;2025;4.55581;Colinas do Sul
1705508;2025;16.33646;Colinas do Tocantins
1716703;2025;34.66956;Colméia
5103254;2025;14.45663;Colniza
4105805;2025;23.45013;Colombo
4105904;2025;13.06687;Colorado
4305603;2025;1.60772;Colorado
1100064;2025;40.42631;Colorado do Oeste
3116803;2025;37.08791;Coluna
5103205;2025;27.85872;Colíder
3512100;2025;1.41072;Colômbia
2702108;2025;24.86048;Colônia Leopoldina
2202752;2025;1.97239;Colônia do Gurguéia
2202778;2025;6.12245;Colônia do Piauí
1705557;2025;12.13592;Combinado
3116902;2025;0;Comendador Gomes
3300951;2025;22.46845;Comendador Levy Gasparian
3117009;2025;0;Comercinho
5103304;2025;9.57044;Comodoro
2504405;2025;12.48357;Conceição
3117108;2025;7.33333;Conceição da Aparecida
3201605;2025;8.77756;Conceição da Barra
3115201;2025;0;Conceição da Barra de Minas
2908200;2025;18.61167;Conceição da Feira
3117306;2025;5.52263;Conceição das Alagoas
3117207;2025;0;Conceição das Pedras
3117405;2025;0;Conceição de Ipanema
3301405;2025;16.78129;Conceição de Macabu
2908309;2025;14.04287;Conceição do Almeida
1502707;2025;18.33146;Conceição do Araguaia
2202802;2025;0;Conceição do Canindé
3201704;2025;16.42129;Conceição do Castelo
2908408;2025;22.3532;Conceição do Coité
2908507;2025;4.74066;Conceição do Jacuípe
2103554;2025;0;Conceição do Lago-Açu
3117504;2025;1.93536;Conceição do Mato Dentro
3117603;2025;0.95511;Conceição do Pará
3117702;2025;6.46465;Conceição do Rio Verde
1705607;2025;5.44959;Conceição do Tocantins
3117801;2025;19.6793;Conceição dos Ouros
3512209;2025;22.36706;Conchal
3512308;2025;13.65096;Conchas
4204301;2025;37.16988;Concórdia
1502756;2025;8.63931;Concórdia do Pará
2504504;2025;10.59322;Condado
2604601;2025;36.46209;Condado
2504603;2025;3.01054;Conde
2908606;2025;7.43931;Conde
2908705;2025;4.12493;Condeúba
4305702;2025;2.14408;Condor
3117876;2025;11.06428;Confins
5103353;2025;31.519;Confresa
2504702;2025;17.0068;Congo
3117900;2025;6.0698;Congonhal
3118007;2025;5.97914;Congonhas
3118106;2025;2.78552;Congonhas do Norte
4106001;2025;26.06635;Congonhinhas
3118205;2025;10.99831;Conquista
5103361;2025;24.74527;Conquista D'Oeste
3118304;2025;30.77658;Conselheiro Lafaiete
4106100;2025;7.62195;Conselheiro Mairinck
3118403;2025;4.05306;Conselheiro Pena
3118502;2025;20.9205;Consolação
4305801;2025;21.44772;Constantina
3118601;2025;18.85164;Contagem
4106209;2025;24.86376;Contenda
2908804;2025;24.72527;Contendas do Sincorá
3118700;2025;9.66767;Coqueiral
4305835;2025;0;Coqueiro Baixo
2702207;2025;0;Coqueiro Seco
4305850;2025;8.06452;Coqueiros do Sul
3118809;2025;35.46512;Coração de Jesus
2908903;2025;8.01187;Coração de Maria
4106308;2025;15.19235;Corbélia
3301504;2025;63.66048;Cordeiro
2909000;2025;0;Cordeiros
3512407;2025;5.20494;Cordeirópolis
4204350;2025;1.2215;Cordilheira Alta
3118908;2025;20.05731;Cordisburgo
3119005;2025;14.28571;Cordislândia
2304004;2025;5.23311;Coreaú
2504801;2025;2.11864;Coremas
5003108;2025;0;Corguinho
2909109;2025;6.16333;Coribe
3119104;2025;29.65879;Corinto
4106407;2025;32.38242;Cornélio Procópio
3119203;2025;7.95455;Coroaci
3512506;2025;2.0284;Coroados
2103604;2025;7.80078;Coroatá
3119302;2025;15.68408;Coromandel
4305871;2025;0;Coronel Barros
4305900;2025;30.72871;Coronel Bicaco
4106456;2025;3.74532;Coronel Domingos Soares
2402808;2025;2.73224;Coronel Ezequiel
3119401;2025;26.79138;Coronel Fabriciano
4204400;2025;8.428;Coronel Freitas
2202851;2025;0;Coronel José Dias
2402907;2025;0;Coronel João Pessoa
2909208;2025;1.19389;Coronel João Sá
3512605;2025;1.81488;Coronel Macedo
4204459;2025;0;Coronel Martins
3119500;2025;8.38323;Coronel Murta
3119609;2025;30.64516;Coronel Pacheco
4305934;2025;0;Coronel Pilar
5003157;2025;15.52106;Coronel Sapucaia
4106506;2025;18.48739;Coronel Vivida
3119708;2025;0;Coronel Xavier Chaves
4204558;2025;8.50385;Correia Pinto
2202901;2025;14.85588;Corrente
2604700;2025;0.75301;Correntes
2909307;2025;3.77938;Correntina
2604809;2025;2.76817;Cortês
3512704;2025;7.17875;Corumbataí
4106555;2025;5.42495;Corumbataí do Sul
5205901;2025;18.33702;Corumbaíba
1100072;2025;1.89304;Corumbiara
5003207;2025;17.33051;Corumbá
5205802;2025;7.13012;Corumbá de Goiás
4204509;2025;15.36492;Corupá
2702306;2025;11.26425;Coruripe
3512902;2025;8.32127;Cosmorama
3512803;2025;86.43485;Cosmópolis
1100080;2025;6.14439;Costa Marques
5003256;2025;13.86527;Costa Rica
2909406;2025;6.14439;Cotegipe
3513009;2025;59.28163;Cotia
4305959;2025;69.874;Cotiporã
5103379;2025;24.76329;Cotriguaçu
1706001;2025;5.76369;Couto Magalhães
3120102;2025;9.49367;Couto de Magalhães de Minas
4305975;2025;0;Coxilha
5003306;2025;23.90495;Coxim
2504850;2025;0;Coxixola
2304103;2025;24.81193;Crateús
2304202;2025;21.95253;Crato
3513108;2025;26.68624;Cravinhos
2909505;2025;0;Cravolândia
2702355;2025;24.78607;Craíbas
4204608;2025;61.71323;Criciúma
4306007;2025;24.91506;Crissiumal
3120201;2025;4.12768;Cristais
3513207;2025;5.2381;Cristais Paulista
4306056;2025;0;Cristal
4306072;2025;0;Cristal do Sul
5206206;2025;5.91271;Cristalina
1706100;2025;0.85106;Cristalândia
2203008;2025;0;Cristalândia do Piauí
3120409;2025;0;Cristiano Otoni
5206305;2025;15.03759;Cristianópolis
3120508;2025;3.69198;Cristina
2203107;2025;10.88348;Cristino Castro
2801702;2025;2.79776;Cristinápolis
3120300;2025;0;Cristália
2909703;2025;5.6338;Cristópolis
3120151;2025;0;Crisólita
2909604;2025;1.21803;Crisópolis
5206404;2025;8.50425;Crixás
1706258;2025;0;Crixás do Tocantins
2304236;2025;64.74104;Croatá
5206503;2025;0;Cromínia
3120607;2025;0;Crucilândia
2304251;2025;9.69348;Cruz
4306106;2025;20.20887;Cruz Alta
4106803;2025;8.20859;Cruz Machado
2909802;2025;17.92725;Cruz das Almas
2504900;2025;6.92747;Cruz do Espírito Santo
4306130;2025;0;Cruzaltense
3513405;2025;15.43966;Cruzeiro
3120706;2025;9.13242;Cruzeiro da Fortaleza
4106571;2025;9.55414;Cruzeiro do Iguaçu
4106605;2025;15.4321;Cruzeiro do Oeste
1200203;2025;18.48036;Cruzeiro do Sul
4106704;2025;0;Cruzeiro do Sul
4306205;2025;3.5347;Cruzeiro do Sul
2403004;2025;5.02513;Cruzeta
4106852;2025;1.83486;Cruzmaltina
3513306;2025;0;Cruzália
3120805;2025;15.22248;Cruzília
2505006;2025;0;Cubati
3513504;2025;6.34492;Cubatão
5103403;2025;20.61803;Cuiabá
2505204;2025;6.73725;Cuitegi
2505105;2025;26.0266;Cuité
2505238;2025;3.2;Cuité de Mamanguape
1100940;2025;10.20408;Cujubim
5206602;2025;0;Cumari
2604908;2025;40.88785;Cumaru
1502764;2025;0;Cumaru do Norte
2801900;2025;5.92885;Cumbe
3513603;2025;6.83995;Cunha
4204707;2025;24.46006;Cunha Porã
4204756;2025;1.46199;Cunhataí
3120839;2025;3.27869;Cuparaque
2605004;2025;25.86207;Cupira
2909901;2025;15.39025;Curaçá
2203206;2025;8.04505;Curimatá
1502772;2025;4.8771;Curionópolis
4106902;2025;43.54724;Curitiba
4204806;2025;20.56306;Curitibanos
4107009;2025;8.78661;Curiúva
2203230;2025;0;Currais
2403103;2025;39.28571;Currais Novos
2203271;2025;0;Curral Novo do Piauí
2505303;2025;0;Curral Velho
2505279;2025;0;Curral de Cima
3120870;2025;0;Curral de Dentro
1502806;2025;0.37622;Curralinho
2203255;2025;0;Curralinhos
2103703;2025;22.61905;Cururupu
1502855;2025;4.06174;Curuá
1502905;2025;1.04849;Curuçá
3120904;2025;29.36406;Curvelo
5103437;2025;19.34524;Curvelândia
2605103;2025;16.63348;Custódia
1600212;2025;0;Cutias
5102504;2025;20.60927;Cáceres
3115102;2025;19.39465;Cássia
3510906;2025;6.03318;Cássia dos Coqueiros
4304309;2025;17.68034;Cândido Godói
2102606;2025;46.57795;Cândido Mendes
3510005;2025;12.44657;Cândido Mota
3510104;2025;1.26422;Cândido Rodrigues
2906709;2025;16.08911;Cândido Sales
4104402;2025;9.30487;Cândido de Abreu
4105300;2025;19.32826;Céu Azul
2907806;2025;15.13877;Cícero Dantas
3119807;2025;2.63158;Córrego Danta
3119955;2025;6.47848;Córrego Fundo
3120003;2025;1.95695;Córrego Novo
3119906;2025;4.79616;Córrego do Bom Jesus
5205703;2025;0;Córrego do Ouro
3117836;2025;2.5974;Cônego Marinho
5206701;2025;0;Damianópolis
2505352;2025;22.55639;Damião
5206800;2025;4.69484;Damolândia
1706506;2025;0.79302;Darcinópolis
3121001;2025;1.321;Datas
4306304;2025;9.02256;David Canabarro
2103752;2025;8.05153;Davinópolis
5206909;2025;1.7452;Davinópolis
3121100;2025;0.98522;Delfim Moreira
3121209;2025;0.83682;Delfinópolis
2702405;2025;16.98253;Delmiro Gouveia
3121258;2025;1.49841;Delta
2203305;2025;101.77515;Demerval Lobão
5103452;2025;0.83126;Denise
5003454;2025;7.95229;Deodápolis
2304269;2025;19.11765;Deputado Irapuan Pinheiro
4306320;2025;7.04225;Derrubadas
3513702;2025;8.23452;Descalvado
4204905;2025;14.39342;Descanso
3121308;2025;3.64631;Descoberto
2505402;2025;7.44879;Desterro
3121407;2025;10.72125;Desterro de Entre Rios
3121506;2025;0;Desterro do Melo
4306353;2025;0;Dezesseis de Novembro
3513801;2025;17.38137;Diadema
2505600;2025;0;Diamante
4107157;2025;9.3633;Diamante D'Oeste
4107108;2025;23.60248;Diamante do Norte
4107124;2025;0;Diamante do Sul
3121605;2025;48.76867;Diamantina
5103502;2025;16.00974;Diamantino
1707009;2025;21.16904;Dianópolis
2910057;2025;9.27525;Dias d'Ávila
4306379;2025;0;Dilermando de Aguiar
3121704;2025;0;Diogo de Vasconcelos
3121803;2025;28.15433;Dionísio
4205001;2025;20.31063;Dionísio Cerqueira
5207105;2025;39.56044;Diorama
3513850;2025;0;Dirce Reis
2203354;2025;0;Dirceu Arcoverde
2802007;2025;0;Divina Pastora
3122009;2025;27.57282;Divino
3122108;2025;3.48432;Divino das Laranjeiras
3201803;2025;9.46372;Divino de São Lourenço
3513900;2025;9.26479;Divinolândia
3122207;2025;11.09057;Divinolândia de Minas
3121902;2025;10.06711;Divinésia
3122306;2025;32.087;Divinópolis
5208301;2025;4.36047;Divinópolis de Goiás
1707108;2025;4.98575;Divinópolis do Tocantins
3122355;2025;11.6649;Divisa Alegre
3122405;2025;5.38213;Divisa Nova
3122454;2025;7.27802;Divisópolis
3514007;2025;0;Dobrada
3514106;2025;20.1625;Dois Córregos
4306403;2025;24.18231;Dois Irmãos
4306429;2025;0;Dois Irmãos das Missões
5003488;2025;8.2358;Dois Irmãos do Buriti
1707207;2025;1.38313;Dois Irmãos do Tocantins
4306452;2025;11.98402;Dois Lajeados
2702504;2025;0;Dois Riachos
4107207;2025;60.06407;Dois Vizinhos
3514205;2025;0;Dolcinópolis
5103601;2025;10.57579;Dom Aquino
2910107;2025;0.9901;Dom Basílio
3122470;2025;4.28266;Dom Bosco
3122504;2025;46.85212;Dom Cavati
1502939;2025;10.8502;Dom Eliseu
2203404;2025;14.81481;Dom Expedito Lopes
4306502;2025;8.98693;Dom Feliciano
2203453;2025;35.92814;Dom Inocêncio
3122603;2025;17.36111;Dom Joaquim
2910206;2025;0;Dom Macedo Costa
4306601;2025;14.59217;Dom Pedrito
2103802;2025;13.96825;Dom Pedro
4306551;2025;6.62252;Dom Pedro de Alcântara
3122702;2025;12.22954;Dom Silvério
3122801;2025;0;Dom Viçoso
3201902;2025;73.06646;Domingos Martins
2203420;2025;0;Domingos Mourão
4205100;2025;1.37836;Dona Emma
3122900;2025;1.27226;Dona Eusébia
4306700;2025;16.86747;Dona Francisca
2505709;2025;15.35836;Dona Inês
3123007;2025;7.88288;Dores de Campos
3123106;2025;0;Dores de Guanhães
3123205;2025;19.12902;Dores do Indaiá
3202009;2025;25.4163;Dores do Rio Preto
3123304;2025;1.25628;Dores do Turvo
3123403;2025;0;Doresópolis
2605152;2025;31.93146;Dormentes
4107256;2025;20.32838;Douradina
5003504;2025;5.00626;Douradina
3514304;2025;2.658;Dourado
3123502;2025;0;Douradoquara
5003702;2025;29.75165;Dourados
4107306;2025;10.51625;Doutor Camargo
4306734;2025;3.3389;Doutor Maurício Cardoso
4205159;2025;0.94787;Doutor Pedrinho
4306759;2025;0;Doutor Ricardo
2403202;2025;0;Doutor Severiano
4128633;2025;13.97516;Doutor Ulysses
5207253;2025;10.16949;Doverlândia
3514403;2025;19.64077;Dracena
3514502;2025;91.97194;Duartina
3301603;2025;9.60566;Duas Barras
2505808;2025;0;Duas Estradas
1707306;2025;1.92123;Dueré
3514601;2025;3.56436;Dumont
2103901;2025;3.51494;Duque Bacelar
3301702;2025;21.77705;Duque de Caxias
3123528;2025;0;Durandé
2910008;2025;11.58078;Dário Meira
3514700;2025;12.19512;Echaporã
3202108;2025;9.04486;Ecoporanga
5207352;2025;5.06586;Edealina
5207402;2025;4.35256;Edéia
1301407;2025;0.96502;Eirunepé
3514809;2025;5.89664;Eldorado
5003751;2025;8.81191;Eldorado
1502954;2025;4.13565;Eldorado do Carajás
4306767;2025;30.92784;Eldorado do Sul
2203503;2025;11.72116;Elesbão Veloso
3514908;2025;7.87519;Elias Fausto
2203602;2025;27.39726;Eliseu Martins
3514924;2025;0;Elisiário
2910305;2025;6.48649;Elísio Medrado
3123601;2025;11.6924;Elói Mendes
2505907;2025;0;Emas
3514957;2025;0;Embaúba
3515004;2025;15.72527;Embu das Artes
3515103;2025;26.21508;Embu-Guaçu
3515129;2025;19.64637;Emilianópolis
4306809;2025;25.61366;Encantado
2403301;2025;0;Encanto
2910404;2025;15.73187;Encruzilhada
4306908;2025;7.33391;Encruzilhada do Sul
4107504;2025;9.78474;Engenheiro Beltrão
3123700;2025;8.99888;Engenheiro Caldas
3515152;2025;4.54186;Engenheiro Coelho
3123809;2025;0;Engenheiro Navarro
3301801;2025;7.01754;Engenheiro Paulo de Frontin
4306924;2025;0;Engenho Velho
3123858;2025;46.39175;Entre Folhas
2910503;2025;11.07441;Entre Rios
4205175;2025;0;Entre Rios
3123908;2025;8.53242;Entre Rios de Minas
4107538;2025;8.21745;Entre Rios do Oeste
4306957;2025;2.331;Entre Rios do Sul
4306932;2025;14.91713;Entre-Ijuís
1301506;2025;1.40515;Envira
4107405;2025;1.51172;Enéas Marques
1200252;2025;20.46699;Epitaciolândia
2403400;2025;0;Equador
4306973;2025;0;Erebango
4307005;2025;28.45301;Erechim
2304277;2025;0;Ererê
4205191;2025;0.67889;Ermo
4307054;2025;10.88647;Ernestina
4307203;2025;13.03781;Erval Grande
4307302;2025;9.55414;Erval Seco
4205209;2025;4.39754;Erval Velho
3124005;2025;13.49073;Ervália
2605202;2025;7.53857;Escada
4307401;2025;4.72441;Esmeralda
3124104;2025;29.97763;Esmeraldas
3124203;2025;55.41327;Espera Feliz
1707405;2025;0;Esperantina
2203701;2025;23.94366;Esperantina
2104008;2025;10.30928;Esperantinópolis
2506004;2025;20.36199;Esperança
4107520;2025;49.45055;Esperança Nova
4307450;2025;2.20751;Esperança do Sul
4107546;2025;0;Espigão Alto do Iguaçu
1100098;2025;30.32899;Espigão D'Oeste
3124302;2025;8.48416;Espinosa
2910602;2025;9.23393;Esplanada
4307500;2025;26.26788;Espumoso
2403509;2025;3.16456;Espírito Santo
3124401;2025;2.3015;Espírito Santo do Dourado
3515186;2025;9.60251;Espírito Santo do Pinhal
3515194;2025;5.74713;Espírito Santo do Turvo
4307559;2025;16.62292;Estação
4307708;2025;9.6656;Esteio
3124500;2025;20.37121;Estiva
3557303;2025;2.44798;Estiva Gerbi
2104057;2025;39.44485;Estreito
4307807;2025;18.77747;Estrela
3124609;2025;0;Estrela Dalva
4307815;2025;7.0922;Estrela Velha
3515202;2025;6.34434;Estrela d'Oeste
2702553;2025;16.54064;Estrela de Alagoas
3124708;2025;10;Estrela do Indaiá
3515301;2025;0;Estrela do Norte
5207501;2025;4.79233;Estrela do Norte
3124807;2025;0;Estrela do Sul
2802106;2025;10.67329;Estância
4307609;2025;20.13889;Estância Velha
2910701;2025;23.4127;Euclides da Cunha
3515350;2025;5.07614;Euclides da Cunha Paulista
3124906;2025;12.52348;Eugenópolis
4307831;2025;0;Eugênio de Castro
2910727;2025;17.80941;Eunápolis
2304285;2025;53.42736;Eusébio
3125002;2025;0;Ewbank da Câmara
3125101;2025;84.80727;Extrema
2403608;2025;15.86848;Extremoz
2605301;2025;37.91983;Exu
2506103;2025;0;Fagundes
4307864;2025;1.72414;Fagundes Varela
5207535;2025;7.17949;Faina
3125200;2025;36.58537;Fama
3125309;2025;2.08333;Faria Lemos
2304301;2025;3.93185;Farias Brito
1503002;2025;4.43131;Faro
4107553;2025;3.80228;Farol
4307906;2025;16.02206;Farroupilha
3515400;2025;11.20114;Fartura
2203750;2025;0;Fartura do Piauí
4107603;2025;7.33185;Faxinal
4308003;2025;31.53426;Faxinal do Soturno
4205308;2025;7.5388;Faxinal dos Guedes
4308052;2025;11.83432;Faxinalzinho
5207600;2025;8.42993;Fazenda Nova
4107652;2025;16.60044;Fazenda Rio Grande
4308078;2025;3.58744;Fazenda Vilanova
1200302;2025;8.52273;Feijó
2702603;2025;4.47427;Feira Grande
2605400;2025;3.66684;Feira Nova
2802205;2025;13.21586;Feira Nova
2104073;2025;7.24638;Feira Nova do Maranhão
2910776;2025;8.62069;Feira da Mata
2910800;2025;27.82443;Feira de Santana
2403707;2025;0;Felipe Guerra
3125606;2025;32.15926;Felisburgo
3125705;2025;19.25926;Felixlândia
4308102;2025;44.09049;Feliz
2702702;2025;0;Feliz Deserto
5103700;2025;2.8;Feliz Natal
3125408;2025;0;Felício dos Santos
4107736;2025;2.75735;Fernandes Pinheiro
3125804;2025;0;Fernandes Tourinho
2104081;2025;0;Fernando Falcão
2403756;2025;0;Fernando Pedroza
3515608;2025;19.4022;Fernando Prestes
2605459;2025;65.41726;Fernando de Noronha
3515509;2025;25.45844;Fernandópolis
3515657;2025;0;Fernão
3515707;2025;39.57141;Ferraz de Vasconcelos
1600238;2025;1.88679;Ferreira Gomes
2605509;2025;0;Ferreiros
3125903;2025;1.86567;Ferros
3125952;2025;17.3482;Fervedouro
4107751;2025;46.59189;Figueira
5003900;2025;6.15655;Figueirão
1707652;2025;2.78164;Figueirópolis
5103809;2025;0;Figueirópolis D'Oeste
1707702;2025;14.00233;Filadélfia
2910859;2025;106.63684;Filadélfia
2910909;2025;4.16171;Firmino Alves
5207808;2025;23.84501;Firminópolis
2702801;2025;0;Flexeiras
4107850;2025;1.17786;Flor da Serra do Sul
4205357;2025;0;Flor do Sertão
3515806;2025;0;Flora Rica
4107801;2025;6.1082;Floraí
3515905;2025;15.65558;Floreal
2605608;2025;6.8229;Flores
4308201;2025;15.2954;Flores da Cunha
5207907;2025;2.11268;Flores de Goiás
2203800;2025;0;Flores do Piauí
2605707;2025;24.01994;Floresta
4107900;2025;12.6162;Floresta
2911006;2025;3.73333;Floresta Azul
1503044;2025;7.48942;Floresta do Araguaia
2203859;2025;0;Floresta do Piauí
3126000;2025;4.68227;Florestal
4108007;2025;7.9646;Florestópolis
2203909;2025;28.97908;Floriano
4308250;2025;0;Floriano Peixoto
4205407;2025;77.88859;Florianópolis
2403806;2025;3.33333;Florânia
3516101;2025;6.07903;Florínia
4108106;2025;233.50254;Flórida
3516002;2025;2.49501;Flórida Paulista
1301605;2025;0.91687;Fonte Boa
4308300;2025;16.09907;Fontoura Xavier
3126109;2025;39.22567;Formiga
4308409;2025;10.43841;Formigueiro
5208004;2025;16.63007;Formosa
2104099;2025;3.69004;Formosa da Serra Negra
4108205;2025;37.92251;Formosa do Oeste
2911105;2025;6.41551;Formosa do Rio Preto
4205431;2025;15.50388;Formosa do Sul
3126208;2025;4.02253;Formoso
5208103;2025;0;Formoso
1708205;2025;17.59531;Formoso do Araguaia
4308433;2025;0;Forquetinha
2304350;2025;16.08911;Forquilha
4205456;2025;8.73536;Forquilhinha
2304400;2025;32.16856;Fortaleza
3126307;2025;1.75439;Fortaleza de Minas
1708254;2025;2.82087;Fortaleza do Tabocão
2104107;2025;5.66038;Fortaleza dos Nogueiras
4308458;2025;2.22965;Fortaleza dos Valos
2304459;2025;1.33156;Fortim
2104206;2025;0;Fortuna
3126406;2025;3.31126;Fortuna de Minas
4108304;2025;43.59385;Foz do Iguaçu
4108452;2025;0;Foz do Jordão
4205506;2025;11.84527;Fraiburgo
3516200;2025;31.65654;Franca
2204006;2025;0;Francinópolis
4108320;2025;9.82143;Francisco Alves
2204105;2025;25.17986;Francisco Ayres
3126505;2025;8.31947;Francisco Badaró
4108403;2025;26.736;Francisco Beltrão
2403905;2025;0;Francisco Dantas
3126604;2025;0;Francisco Dumont
2204154;2025;0;Francisco Macedo
3516309;2025;20.37846;Francisco Morato
2204204;2025;32.33256;Francisco Santos
3126703;2025;1.27592;Francisco Sá
3126752;2025;0;Franciscópolis
3516408;2025;9.36215;Franco da Rocha
2304509;2025;2.09044;Frecheirinha
4308508;2025;51.40361;Frederico Westphalen
3126802;2025;1.80832;Frei Gaspar
3126901;2025;9.22509;Frei Inocêncio
3126950;2025;0;Frei Lagonegro
2506202;2025;0;Frei Martinho
2605806;2025;29.66841;Frei Miguelinho
2802304;2025;7.09639;Frei Paulo
4205555;2025;0;Frei Rogério
3127008;2025;9.79592;Fronteira
3127057;2025;31.39013;Fronteira dos Vales
2204303;2025;23.0701;Fronteiras
3127073;2025;4.21941;Fruta de Leite
3127107;2025;25.86117;Frutal
2404002;2025;2.58398;Frutuoso Gomes
3202207;2025;28.07825;Fundão
3127206;2025;1.63666;Funilândia
1707553;2025;3.44828;Fátima
2910750;2025;2.69978;Fátima
5003801;2025;49.50495;Fátima do Sul
4107702;2025;2.7137;Fênix
3516507;2025;35.35354;Gabriel Monteiro
2506251;2025;0;Gado Bravo
3127305;2025;2.05128;Galiléia
2404101;2025;0;Galinhos
4205605;2025;3.34448;Galvão
2605905;2025;2.78242;Gameleira
5208152;2025;5.59441;Gameleira de Goiás
3127339;2025;0;Gameleiras
2911204;2025;17.82646;Gandu
2606002;2025;41.7724;Garanhuns
2802403;2025;0;Gararu
4308607;2025;12.88974;Garibaldi
4205704;2025;51.39577;Garopaba
1503077;2025;2.15186;Garrafão do Norte
4308656;2025;0;Garruchos
4205803;2025;8.35103;Garuva
3516705;2025;55.86274;Garça
4205902;2025;24.25078;Gaspar
3516804;2025;12.43781;Gastão Vidigal
4308706;2025;180.17159;Gaurama
2911253;2025;0;Gavião
3516853;2025;1.39804;Gavião Peixoto
5103858;2025;9.66962;Gaúcha do Norte
2204352;2025;11.42857;Geminiano
4108502;2025;9.87433;General Carneiro
5103908;2025;9.63391;General Carneiro
4308805;2025;5.10856;General Câmara
2802502;2025;0;General Maynard
3516903;2025;7.35745;General Salgado
2304608;2025;3.1185;General Sampaio
4308854;2025;0;Gentil
2911303;2025;26.25976;Gentio do Ouro
3517000;2025;0.57971;Getulina
4308904;2025;18.9832;Getúlio Vargas
2204402;2025;4.97512;Gilbués
2702900;2025;10.32702;Girau do Ponciano
4309001;2025;21.26403;Giruá
3127354;2025;0;Glaucilândia
3517109;2025;6.44468;Glicério
4309050;2025;6.52985;Glorinha
2911402;2025;0;Glória
5103957;2025;2.61097;Glória D'Oeste
5004007;2025;5.72884;Glória de Dourados
2606101;2025;4.43656;Glória do Goitá
2104305;2025;1.43062;Godofredo Viana
4108551;2025;0;Godoy Moreira
3127370;2025;4.61894;Goiabeira
2606200;2025;5.63329;Goiana
5208509;2025;1.79695;Goiandira
2404200;2025;2.87792;Goianinha
5208806;2025;18.15283;Goianira
1708304;2025;4.11523;Goianorte
3127388;2025;0;Goianá
5208400;2025;19.8895;Goianápolis
5208608;2025;15.71243;Goianésia
1503093;2025;14.29521;Goianésia do Pará
1709005;2025;19.78239;Goiatins
5209101;2025;13.17972;Goiatuba
4108601;2025;19.13876;Goioerê
4108650;2025;7.27273;Goioxim
5208905;2025;36.80169;Goiás
5208707;2025;29.8844;Goiânia
2911501;2025;2.50878;Gongogi
3127503;2025;14.74201;Gonzaga
3127404;2025;7.0028;Gonçalves
2104404;2025;24.961;Gonçalves Dias
3127602;2025;5.01367;Gouveia
5209150;2025;5.94354;Gouvelândia
2104503;2025;173.70892;Governador Archer
4206009;2025;15.89694;Governador Celso Ramos
2404309;2025;5.07246;Governador Dix-Sept Rosado
2104552;2025;9.98289;Governador Edison Lobão
2104602;2025;9.81997;Governador Eugênio Barros
1101005;2025;22.81369;Governador Jorge Teixeira
3202256;2025;0.79872;Governador Lindenberg
2104628;2025;17.89264;Governador Luiz Rocha
2911600;2025;4.86381;Governador Mangabeira
2104651;2025;0;Governador Newton Bello
2104677;2025;0.76453;Governador Nunes Freire
3127701;2025;33.83254;Governador Valadares
2802601;2025;19.78022;Gracho Cardoso
2104800;2025;18.99536;Grajaú
4309100;2025;74.12972;Gramado
4309159;2025;21.42857;Gramado Xavier
4309126;2025;6.92042;Gramado dos Loureiros
4108700;2025;0;Grandes Rios
2606309;2025;4.75436;Granito
2304707;2025;4.92676;Granja
2304806;2025;1.21655;Granjeiro
4206207;2025;11.25926;Gravatal
4309209;2025;54.71775;Gravataí
2606408;2025;30.19261;Gravatá
2304657;2025;4.02414;Graça
2104701;2025;23.66864;Graça Aranha
2304905;2025;52.37712;Groaíras
2404408;2025;0.58106;Grossos
3127909;2025;15.22843;Grupiara
3127800;2025;2.59605;Grão Mogol
4206108;2025;3.01724;Grão Pará
4309258;2025;0;Guabiju
4206306;2025;4.44237;Guabiruba
2204501;2025;54.54545;Guadalupe
3517307;2025;13.42282;Guaimbê
4108908;2025;4.61741;Guairaçá
3517208;2025;6.14035;Guaiçara
2304954;2025;5.62355;Guaiúba
1301654;2025;10.45296;Guajará
1100106;2025;12.59529;Guajará-Mirim
2911659;2025;2.55973;Guajeru
2404507;2025;4.02103;Guamaré
4108957;2025;12.56545;Guamiranga
2911709;2025;20.38369;Guanambi
3128006;2025;30.87499;Guanhães
3517604;2025;10.03764;Guapiara
3517505;2025;9.20781;Guapiaçu
3301850;2025;10.92515;Guapimirim
4109005;2025;8.31354;Guapirama
4109104;2025;0;Guaporema
4309407;2025;195.7591;Guaporé
3128105;2025;7.73096;Guapé
5209200;2025;3.9491;Guapó
2506301;2025;23.32607;Guarabira
3517901;2025;4.25144;Guaraci
4109203;2025;1.20048;Guaraci
3128204;2025;10.26017;Guaraciaba
4206405;2025;30.77494;Guaraciaba
2305001;2025;23.39499;Guaraciaba do Norte
3128253;2025;21.64502;Guaraciama
2305100;2025;5.05902;Guaramiranga
4206504;2025;15.50251;Guaramirim
3128402;2025;7.05716;Guarani
3518008;2025;112.46944;Guarani d'Oeste
4309506;2025;25.56158;Guarani das Missões
5209408;2025;0;Guarani de Goiás
4109302;2025;18.68829;Guaraniaçu
3518107;2025;1.54321;Guarantã
5104104;2025;69.26471;Guarantã do Norte
3128303;2025;5.43478;Guaranésia
3202405;2025;28.76712;Guarapari
4109401;2025;18.87077;Guarapuava
4109500;2025;31.69014;Guaraqueçaba
3518206;2025;14.29933;Guararapes
3518305;2025;25.76306;Guararema
3128501;2025;0;Guarará
2911808;2025;9.55849;Guaratinga
3518404;2025;15.20162;Guaratinguetá
4109609;2025;30.25823;Guaratuba
3517802;2025;6.64452;Guaraçaí
1709302;2025;15.19262;Guaraí
5209291;2025;0;Guaraíta
3128600;2025;5.6444;Guarda-Mor
3518503;2025;12.57283;Guareí
3518602;2025;7.94231;Guariba
2204550;2025;15.77287;Guaribas
5209457;2025;4.58716;Guarinos
3518701;2025;20.28914;Guarujá
4206603;2025;8.85609;Guarujá do Sul
3518800;2025;20.85464;Guarulhos
3517703;2025;5.71584;Guará
4206652;2025;3.2291;Guatambú
3518859;2025;1.69492;Guatapará
3128709;2025;21.52224;Guaxupé
3202306;2025;16.43239;Guaçuí
4309308;2025;43.55767;Guaíba
3517406;2025;5.62297;Guaíra
4108809;2025;9.55002;Guaíra
5004106;2025;2.51636;Guia Lopes da Laguna
3128808;2025;3.56888;Guidoval
3128907;2025;31.36955;Guimarânia
2104909;2025;10.51248;Guimarães
5104203;2025;4.87013;Guiratinga
3129004;2025;1.57978;Guiricema
3129103;2025;0;Gurinhatã
2506400;2025;5.87467;Gurinhém
2506509;2025;0;Gurjão
1709500;2025;25.6151;Gurupi
1503101;2025;2.76116;Gurupá
3518909;2025;10.20408;Guzolândia
3516606;2025;34.03566;Gália
4309555;2025;18.86792;Harmonia
5209606;2025;16.99029;Heitoraí
3129202;2025;16.34877;Heliodora
2911857;2025;5.75374;Heliópolis
3519006;2025;4.884;Herculândia
4307104;2025;4.63499;Herval
4206702;2025;15.85529;Herval d'Oeste
4309571;2025;0;Herveiras
5209804;2025;13.28273;Hidrolina
2305209;2025;14.44867;Hidrolândia
5209705;2025;21.58895;Hidrolândia
3519055;2025;12.5517;Holambra
4109658;2025;0;Honório Serpa
2305233;2025;5.50701;Horizonte
4309605;2025;31.22363;Horizontina
3519071;2025;127.13105;Hortolândia
2204600;2025;0;Hugo Napoleão
4309654;2025;0;Hulha Negra
1301704;2025;20.65303;Humaitá
4309704;2025;51.57593;Humaitá
2105005;2025;20.19386;Humberto de Campos
3519105;2025;6.5108;Iacanga
5209903;2025;2.92227;Iaciara
3519204;2025;0;Iacri
3129301;2025;14.17323;Iapu
3519253;2025;3.77992;Iaras
2606507;2025;3.12305;Iati
2911907;2025;7.04225;Iaçu
4109708;2025;18.73127;Ibaiti
4309753;2025;0;Ibarama
2305266;2025;5.71895;Ibaretama
2703007;2025;15.15152;Ibateguara
3202454;2025;35.06613;Ibatiba
3519303;2025;17.74569;Ibaté
4109757;2025;7.59301;Ibema
3129400;2025;2.76243;Ibertioga
4206751;2025;0;Ibiam
2305308;2025;12.5523;Ibiapina
2506608;2025;8.21355;Ibiara
2912004;2025;1.29786;Ibiassucê
4309803;2025;14.01869;Ibiaçá
3129608;2025;2.45098;Ibiaí
2912103;2025;18.86792;Ibicaraí
4206801;2025;1.27065;Ibicaré
2912202;2025;1.04074;Ibicoara
2305332;2025;3.11284;Ibicuitinga
2912301;2025;9.25147;Ibicuí
2606606;2025;18.39362;Ibimirim
2912400;2025;4.24028;Ibipeba
2912509;2025;1.37678;Ibipitanga
4109807;2025;17.18796;Ibiporã
2912608;2025;0;Ibiquera
3129657;2025;0;Ibiracatu
3129707;2025;10.40864;Ibiraci
4309902;2025;9.23077;Ibiraiaras
2606705;2025;2.20507;Ibirajuba
4206900;2025;15.08068;Ibirama
2912707;2025;30.97041;Ibirapitanga
4309951;2025;12.58993;Ibirapuitã
2912806;2025;2.50896;Ibirapuã
3519501;2025;9.75976;Ibirarema
2912905;2025;24.09639;Ibirataia
3202504;2025;4.17246;Ibiraçu
3129806;2025;20.68042;Ibirité
4310009;2025;47.63855;Ibirubá
3519402;2025;22.15657;Ibirá
2913002;2025;16.97531;Ibitiara
3519600;2025;18.60039;Ibitinga
3202553;2025;45.77465;Ibitirama
2913101;2025;0;Ibititá
3129905;2025;2.079;Ibitiúra de Minas
3130002;2025;0;Ibituruna
3129509;2025;13.31245;Ibiá
3519709;2025;13.5017;Ibiúna
2913200;2025;37.24505;Ibotirama
2305357;2025;7.47838;Icapuí
3130051;2025;5.70776;Icaraí de Minas
4109906;2025;8.72274;Icaraíma
2105104;2025;1.60514;Icatu
2913309;2025;0;Ichu
3202603;2025;11.42473;Iconha
3519808;2025;5.67859;Icém
2305407;2025;10.57649;Icó
2404606;2025;1.45138;Ielmo Marinho
3519907;2025;7.4129;Iepê
2703106;2025;5.10678;Igaci
2913408;2025;6.67302;Igaporã
2502607;2025;0;Igaracy
3520103;2025;10.01391;Igarapava
3130101;2025;8.14332;Igarapé
2105203;2025;24.34457;Igarapé Grande
2105153;2025;0;Igarapé do Meio
1503200;2025;4.66684;Igarapé-Açu
1503309;2025;3.16206;Igarapé-Miri
2606804;2025;11.2147;Igarassu
3130200;2025;39.94528;Igaratinga
3520202;2025;34.92376;Igaratá
3520004;2025;8.45277;Igaraçu do Tietê
2913457;2025;5.65327;Igrapiúna
2703205;2025;2.60521;Igreja Nova
4310108;2025;8.04269;Igrejinha
3301876;2025;30.8689;Iguaba Grande
3520301;2025;20.8559;Iguape
2606903;2025;0;Iguaracy
4110003;2025;54.33186;Iguaraçu
3130309;2025;8.72727;Iguatama
5004304;2025;6.17465;Iguatemi
2305506;2025;16.07371;Iguatu
4110052;2025;0;Iguatu
2913507;2025;19.88759;Iguaí
3130408;2025;1.60256;Ijaci
4310207;2025;28.59638;Ijuí
3520426;2025;9.33748;Ilha Comprida
2204659;2025;31.76796;Ilha Grande
3520442;2025;17.00985;Ilha Solteira
2802700;2025;5.06757;Ilha das Flores
2607604;2025;4.31034;Ilha de Itamaracá
3520400;2025;18.90442;Ilhabela
4207106;2025;5.39676;Ilhota
2913606;2025;45.73281;Ilhéus
3130507;2025;8.09353;Ilicínea
4310306;2025;7.69231;Ilópolis
2506707;2025;1.9305;Imaculada
4207205;2025;10.87801;Imaruí
4110078;2025;3.27511;Imbaú
4207304;2025;21.44752;Imbituba
4110102;2025;27.81955;Imbituva
4207403;2025;6.0652;Imbuia
4310330;2025;11.49225;Imbé
3130556;2025;1.5083;Imbé de Minas
4310363;2025;0.72622;Imigrante
2105302;2025;24.39735;Imperatriz
5209937;2025;3.48129;Inaciolândia
2607000;2025;0.59844;Inajá
4110300;2025;5.89971;Inajá
3130606;2025;64.92335;Inconfidentes
3130655;2025;1.60256;Indaiabira
4207502;2025;15.12876;Indaial
3520509;2025;42.39092;Indaiatuba
2305605;2025;11.13801;Independência
4310405;2025;2.93686;Independência
3520608;2025;7.13436;Indiana
3130705;2025;9.16888;Indianópolis
4110409;2025;2;Indianópolis
3520707;2025;1.55521;Indiaporã
5209952;2025;18.31807;Indiara
2802809;2025;25.89808;Indiaroba
5104500;2025;2.65957;Indiavaí
2607109;2025;0;Ingazeira
3130804;2025;0;Ingaí
2506806;2025;1.32832;Ingá
4310413;2025;9.6463;Inhacorá
2913705;2025;21.09602;Inhambupe
1503408;2025;0;Inhangapi
2703304;2025;3.6855;Inhapi
3130903;2025;20.70325;Inhapim
3131000;2025;19.81599;Inhaúma
2204709;2025;4.36681;Inhuma
5210000;2025;24.36968;Inhumas
3131109;2025;13.69863;Inimutaba
5004403;2025;3.61234;Inocência
4110201;2025;2.65534;Inácio Martins
3520806;2025;6.09756;Inúbia Paulista
4207577;2025;4.68165;Iomerê
3131158;2025;7.1116;Ipaba
5210109;2025;9.1948;Ipameri
3131208;2025;11.85771;Ipanema
2404705;2025;1.49031;Ipanguaçu
2305654;2025;9.12779;Ipaporanga
3131307;2025;26.90326;Ipatinga
2305704;2025;3.90434;Ipaumirim
3520905;2025;10.76487;Ipaussu
2913804;2025;0.70472;Ipecaetá
3521002;2025;6.81071;Iperó
3521101;2025;5.24809;Ipeúna
3131406;2025;7.36196;Ipiaçu
2913903;2025;19.40276;Ipiaú
3521150;2025;7.3187;Ipiguá
4207601;2025;5.84795;Ipira
4110508;2025;10.34483;Ipiranga
5210158;2025;16.12903;Ipiranga de Goiás
5104526;2025;19.86157;Ipiranga do Norte
2204808;2025;8.84956;Ipiranga do Piauí
4310462;2025;0;Ipiranga do Sul
2914000;2025;20.09844;Ipirá
1301803;2025;0;Ipixuna
1503457;2025;2.62697;Ipixuna do Pará
2607208;2025;9.6369;Ipojuca
3521200;2025;0;Iporanga
5210208;2025;32.41466;Iporá
4110607;2025;12.37879;Iporã
4207650;2025;24.70225;Iporã do Oeste
2305803;2025;78.45716;Ipu
4207684;2025;2.20848;Ipuaçu
2607307;2025;11.33026;Ipubi
2404804;2025;0;Ipueira
1709807;2025;0;Ipueiras
2305902;2025;9.74163;Ipueiras
3131505;2025;44.05286;Ipuiúna
4207700;2025;6.91521;Ipumirim
2914109;2025;7.09849;Ipupiara
3521309;2025;12.23776;Ipuã
4310439;2025;1.3947;Ipê
1400282;2025;0;Iracema
2306009;2025;31.35314;Iracema
4110656;2025;0;Iracema do Oeste
4207759;2025;0;Iraceminha
3521408;2025;13.30501;Iracemápolis
2914208;2025;26.51515;Irajuba
2914307;2025;4.11946;Iramaia
1301852;2025;4.83734;Iranduba
4207809;2025;23.16434;Irani
3521606;2025;18.60921;Irapuru
3521507;2025;7.69231;Irapuã
2914406;2025;17.5737;Iraquara
2914505;2025;14.1371;Irará
4110706;2025;21.32588;Irati
4207858;2025;6.12557;Irati
2306108;2025;31.02837;Irauçuba
4310504;2025;52.52101;Iraí
3131604;2025;11.53613;Iraí de Minas
2914604;2025;34.55663;Irecê
4110805;2025;4.06504;Iretama
4207908;2025;10.45556;Irineópolis
1503507;2025;9.66608;Irituia
3202652;2025;9.86193;Irupi
2204907;2025;0;Isaías Coelho
5210307;2025;0;Israelândia
4310538;2025;325.79186;Itaara
2506905;2025;45.80691;Itabaiana
2802908;2025;42.4149;Itabaiana
2803005;2025;19.11961;Itabaianinha
2914653;2025;12.20914;Itabela
2914703;2025;11.60932;Itaberaba
5210406;2025;9.20097;Itaberaí
3521705;2025;5.05306;Itaberá
2803104;2025;4.84848;Itabi
3131703;2025;60.89885;Itabira
3131802;2025;20.69717;Itabirinha
3131901;2025;11.01133;Itabirito
3301900;2025;19.7934;Itaboraí
2914802;2025;25.95187;Itabuna
1710508;2025;0;Itacajá
3132008;2025;0;Itacambira
3132107;2025;7.77346;Itacarambi
2914901;2025;10.50193;Itacaré
1301902;2025;8.79029;Itacoatiara
2607406;2025;55.80029;Itacuruba
4310553;2025;6.96864;Itacurubi
2915007;2025;8.96861;Itaeté
2915106;2025;34.93912;Itagi
2915205;2025;5.31758;Itagibá
2915304;2025;10.90513;Itagimirim
4110904;2025;0;Itaguajé
3132206;2025;22.48104;Itaguara
5210562;2025;5.97372;Itaguari
5210604;2025;23.52941;Itaguaru
1710706;2025;0;Itaguatins
3202702;2025;52.44216;Itaguaçu
2915353;2025;0;Itaguaçu da Bahia
3302007;2025;14.16446;Itaguaí
2205003;2025;15.55556;Itainópolis
2105351;2025;0;Itaipava do Grajaú
4110953;2025;35.44179;Itaipulândia
3132305;2025;24.15459;Itaipé
2306256;2025;21.16507;Itaitinga
1503606;2025;19.03822;Itaituba
2306207;2025;0;Itaiçaba
4208104;2025;15.79448;Itaiópolis
4208203;2025;30.94239;Itajaí
3521903;2025;6.49087;Itajobi
3522000;2025;1.02669;Itaju
2915403;2025;4.07747;Itaju do Colônia
3132404;2025;36.08705;Itajubá
2915502;2025;2.59853;Itajuípe
2404853;2025;16.91007;Itajá
5210802;2025;0;Itajá
3302056;2025;9.25212;Italva
2915601;2025;25.52427;Itamaraju
3132503;2025;20.50684;Itamarandiba
1301951;2025;0;Itamarati
3132602;2025;11.12878;Itamarati de Minas
2915700;2025;16.46707;Itamari
3132701;2025;9.54309;Itambacuri
4111001;2025;20.54054;Itambaracá
2607653;2025;8.22435;Itambé
2915809;2025;9.43767;Itambé
4111100;2025;15.98402;Itambé
3132800;2025;0;Itambé do Mato Dentro
3132909;2025;19.03292;Itamogi
3133006;2025;14.80924;Itamonte
2915908;2025;4.0674;Itanagra
3133105;2025;9.6463;Itanhandu
5104542;2025;10.15625;Itanhangá
3522109;2025;35.76546;Itanhaém
3133204;2025;28.54812;Itanhomi
2916005;2025;13.58832;Itanhém
3133303;2025;22.41681;Itaobim
3302106;2025;26.88703;Itaocara
5210901;2025;28.6719;Itapaci
3133402;2025;12.57862;Itapagipe
2306306;2025;18.8769;Itapajé
2916104;2025;7.86325;Itaparica
2916302;2025;2.53623;Itapebi
3133501;2025;9.67671;Itapecerica
3522208;2025;17.59122;Itapecerica da Serra
2105401;2025;13;Itapecuru Mirim
4111209;2025;16.06335;Itapejara d'Oeste
4208302;2025;24.60627;Itapema
3202801;2025;13.18436;Itapemirim
3302205;2025;25.36372;Itaperuna
4111258;2025;13.59359;Itaperuçu
2607703;2025;12.21498;Itapetim
2916401;2025;11.30393;Itapetinga
3522307;2025;20.41777;Itapetininga
3133600;2025;11.82033;Itapeva
3522406;2025;12.04197;Itapeva
3522505;2025;55.41276;Itapevi
2916500;2025;2.96862;Itapicuru
2306405;2025;11.88063;Itapipoca
3522604;2025;25.21166;Itapira
1302009;2025;5.64516;Itapiranga
4208401;2025;11.45418;Itapiranga
5211008;2025;4.77707;Itapirapuã
3522653;2025;1.443;Itapirapuã Paulista
1710904;2025;1.96464;Itapiratins
2607752;2025;2.72301;Itapissuma
2916609;2025;2.00133;Itapitanga
2306504;2025;0;Itapiúna
2507002;2025;18.67414;Itaporanga
3522802;2025;41.42243;Itaporanga
2803203;2025;8.69381;Itaporanga d'Ajuda
2507101;2025;3.65535;Itapororoca
5004502;2025;21.81128;Itaporã
1711100;2025;2.24215;Itaporã do Tocantins
4208450;2025;14.91386;Itapoá
4310579;2025;0;Itapuca
3523008;2025;3.42466;Itapura
5211206;2025;22.62335;Itapuranga
1101104;2025;6.32911;Itapuã do Oeste
3522901;2025;186.51287;Itapuí
2916203;2025;12.20442;Itapé
3523107;2025;15.56623;Itaquaquecetuba
2916708;2025;0;Itaquara
4310603;2025;13.87604;Itaqui
5004601;2025;5.72401;Itaquiraí
2607802;2025;8.22737;Itaquitinga
3202900;2025;23.32485;Itarana
2916807;2025;9.12944;Itarantim
3523206;2025;17.9879;Itararé
2306553;2025;0.91303;Itarema
3523305;2025;10.97752;Itariri
5211305;2025;61.5199;Itarumã
4310652;2025;6.53595;Itati
3302254;2025;24.80251;Itatiaia
3133709;2025;4.28069;Itatiaiuçu
3523404;2025;32.45351;Itatiba
4310702;2025;2.93255;Itatiba do Sul
2916856;2025;14.47964;Itatim
3523503;2025;15.21472;Itatinga
2306603;2025;12.67159;Itatira
2507200;2025;2.19298;Itatuba
1600253;2025;0;Itaubal
2205102;2025;11.52738;Itaueira
5211404;2025;7.93126;Itauçu
3133907;2025;8.47458;Itaverava
3521804;2025;5.74178;Itaí
2607505;2025;16.59751;Itaíba
3522158;2025;0;Itaóca
2404903;2025;1.84843;Itaú
3133758;2025;9.68893;Itaú de Minas
5104559;2025;46.21606;Itaúba
3133808;2025;23.27197;Itaúna
4111308;2025;3.76648;Itaúna do Sul
3134004;2025;8.14026;Itinga
2105427;2025;6.79222;Itinga do Maranhão
5104609;2025;0.80824;Itiquira
3523602;2025;7.68615;Itirapina
3523701;2025;0;Itirapuã
2916906;2025;11.02536;Itiruçu
2917003;2025;31.99269;Itiúba
3523800;2025;5.10576;Itobi
2917102;2025;10.29216;Itororó
3523909;2025;31.66652;Itu
2917201;2025;20;Ituaçu
2917300;2025;17.51035;Ituberá
3134103;2025;1.30208;Itueta
3134202;2025;18.85949;Ituiutaba
5211503;2025;20.96523;Itumbiara
3134301;2025;1.68919;Itumirim
3524006;2025;51.12248;Itupeva
1503705;2025;31.95352;Itupiranga
4208500;2025;21.36702;Ituporanga
3134400;2025;15.74614;Iturama
3134509;2025;0;Itutinga
3524105;2025;28.29138;Ituverava
4208005;2025;21.98364;Itá
3522703;2025;11.26107;Itápolis
2917334;2025;0;Iuiú
4111506;2025;23.18953;Ivaiporã
4111605;2025;107.40439;Ivatuba
4111555;2025;1.08696;Ivaté
4111407;2025;10.5922;Ivaí
5004700;2025;32.74601;Ivinhema
5211602;2025;4.3573;Ivolândia
4310751;2025;5.07614;Ivorá
4310801;2025;16.69565;Ivoti
4207007;2025;14.00515;Içara
3203007;2025;22.44789;Iúna
2607901;2025;19.30241;Jaboatão dos Guararapes
2917359;2025;1.26904;Jaborandi
3524204;2025;21.36317;Jaborandi
4208609;2025;0.89686;Jaborá
4111704;2025;3.73134;Jaboti
4310850;2025;10.82251;Jaboticaba
3524303;2025;13.42307;Jaboticabal
3134608;2025;19.31087;Jaboticatubas
2917409;2025;4.58295;Jacaraci
2507309;2025;5.52486;Jacaraú
1503754;2025;10.35782;Jacareacanga
4111803;2025;11.30033;Jacarezinho
3524402;2025;13.89119;Jacareí
2703403;2025;0;Jacaré dos Homens
3524501;2025;3.83234;Jaci
5104807;2025;16.82942;Jaciara
3134707;2025;13.88889;Jacinto
4208708;2025;20.6501;Jacinto Machado
2917508;2025;15.27153;Jacobina
2205151;2025;72.64957;Jacobina do Piauí
4310876;2025;0;Jacuizinho
1503804;2025;12.66464;Jacundá
3524600;2025;3.31832;Jacupiranga
3134905;2025;8.3369;Jacutinga
4310900;2025;0;Jacutinga
3134806;2025;26.31579;Jacuí
2703502;2025;0;Jacuípe
4111902;2025;27.59694;Jaguapitã
2917607;2025;16.09045;Jaguaquara
2917706;2025;5.69118;Jaguarari
3135001;2025;0;Jaguaraçu
2306702;2025;12.84687;Jaguaretama
4311106;2025;20.31746;Jaguari
4112009;2025;3.88212;Jaguariaíva
2306801;2025;20.48085;Jaguaribara
2306900;2025;22.24919;Jaguaribe
2917805;2025;0;Jaguaripe
3524709;2025;243.59324;Jaguariúna
2307007;2025;13.60825;Jaguaruana
4208807;2025;12.62136;Jaguaruna
4311007;2025;18.89117;Jaguarão
3203056;2025;6.95825;Jaguaré
2205201;2025;17.53247;Jaicós
3524808;2025;34.97006;Jales
3524907;2025;29.01786;Jambeiro
3135076;2025;0;Jampruca
3135100;2025;22.68097;Janaúba
5211701;2025;7.44186;Jandaia
4112108;2025;12.45835;Jandaia do Sul
2405108;2025;12.3348;Jandaíra
2917904;2025;0;Jandaíra
3525003;2025;15.49971;Jandira
2405207;2025;0;Janduís
5104906;2025;0.90416;Jangada
4112207;2025;0;Janiópolis
3135209;2025;32.33597;Januária
2405306;2025;0;Januário Cicco (Boa Saúde)
2703601;2025;1.26775;Japaratinga
2803302;2025;2.8125;Japaratuba
3135308;2025;19.07032;Japaraíba
3302270;2025;14.3854;Japeri
2405405;2025;24.7191;Japi
4112306;2025;4.1841;Japira
2803401;2025;0.53619;Japoatã
3135357;2025;1.61551;Japonvar
5004809;2025;1.17371;Japorã
1302108;2025;0;Japurá
4112405;2025;26.70279;Japurá
2607950;2025;40.8461;Jaqueira
4311122;2025;0;Jaquirana
5004908;2025;1.65837;Jaraguari
5211800;2025;14.55108;Jaraguá
4208906;2025;29.32901;Jaraguá do Sul
2703700;2025;0;Jaramataia
2307106;2025;12.40402;Jardim
5005004;2025;23.75881;Jardim
4112504;2025;7.25689;Jardim Alegre
4112603;2025;0;Jardim Olinda
2405504;2025;0;Jardim de Angicos
2405603;2025;6.94444;Jardim de Piranhas
2205250;2025;0;Jardim do Mulato
2405702;2025;10.75847;Jardim do Seridó
3525102;2025;8.02163;Jardinópolis
4208955;2025;15.58442;Jardinópolis
4311130;2025;3.37838;Jari
3525201;2025;3.05356;Jarinu
1100114;2025;14.24921;Jaru
4112702;2025;14.08451;Jataizinho
5211909;2025;12.89089;Jataí
2608008;2025;5.74438;Jataúba
5005103;2025;0.71531;Jateí
2307205;2025;0;Jati
2105450;2025;0;Jatobá
2608057;2025;11.97183;Jatobá
2205276;2025;32.25806;Jatobá do Piauí
5212006;2025;2.39234;Jaupaci
5105002;2025;23.80952;Jauru
2405009;2025;20.20202;Jaçanã
3135050;2025;5.69097;Jaíba
3525300;2025;16.55968;Jaú
1711506;2025;0;Jaú do Tocantins
3135407;2025;0;Jeceaba
3135456;2025;12.91513;Jenipapo de Minas
2105476;2025;0;Jenipapo dos Vieiras
3135506;2025;2.22593;Jequeri
3135605;2025;12.68499;Jequitaí
3135704;2025;5.98802;Jequitibá
3135803;2025;34.35732;Jequitinhonha
2703759;2025;0.89206;Jequiá da Praia
2918001;2025;21.36974;Jequié
2918100;2025;16.20527;Jeremoabo
2507408;2025;0;Jericó
3525409;2025;1.16414;Jeriquara
2205300;2025;0;Jerumenha
3203106;2025;11.37044;Jerônimo Monteiro
3135902;2025;0;Jesuânia
4112751;2025;30.47264;Jesuítas
5212055;2025;65.74394;Jesúpolis
1100122;2025;25.64759;Ji-Paraná
2307254;2025;7.93893;Jijoca de Jericoacoara
2918209;2025;0.48852;Jiquiriçá
2918308;2025;0.40225;Jitaúna
3136108;2025;10.41667;Joanésia
3525508;2025;11.46132;Joanópolis
3136405;2025;9.32836;Joaquim Felício
2703809;2025;10.53075;Joaquim Gomes
2608206;2025;5.33333;Joaquim Nabuco
2205409;2025;6.21762;Joaquim Pires
4112801;2025;11.43331;Joaquim Távora
4209003;2025;34.54491;Joaçaba
3136009;2025;39.30713;Joaíma
2513653;2025;0;Joca Claudino
2205458;2025;0;Joca Marques
4209102;2025;47.08463;Joinville
3136504;2025;72.26107;Jordânia
1200328;2025;0;Jordão
2105609;2025;67.79661;Joselândia
3136579;2025;0;Josenópolis
4209151;2025;2.72232;José Boiteux
3525706;2025;25.48883;José Bonifácio
3136520;2025;24.39024;José Gonçalves de Minas
3136553;2025;1.99203;José Raydan
2406007;2025;0;José da Penha
2205508;2025;26.82927;José de Freitas
5212105;2025;9.5941;Joviânia
2608107;2025;4.50704;João Alfredo
2205359;2025;0;João Costa
2405801;2025;7.72682;João Câmara
2405900;2025;0;João Dias
2918357;2025;8.70147;João Dourado
2105500;2025;7.89314;João Lisboa
3136207;2025;18.01349;João Monlevade
3203130;2025;27.05542;João Neiva
2507507;2025;25.82064;João Pessoa
3136306;2025;14.53868;João Pinheiro
3525607;2025;15.31729;João Ramalho
5105101;2025;17.65317;Juara
2507606;2025;4.75059;Juarez Távora
1711803;2025;0;Juarina
3136652;2025;2.25093;Juatuba
2507705;2025;2.94365;Juazeirinho
2918407;2025;16.29268;Juazeiro
2307304;2025;31.89812;Juazeiro do Norte
2205516;2025;0;Juazeiro do Piauí
2608255;2025;12.72984;Jucati
2406106;2025;1.70068;Jucurutu
2918456;2025;12.61034;Jucuruçu
2307403;2025;12.1609;Jucás
3136702;2025;29.98891;Juiz de Fora
3525854;2025;0;Jumirim
2105658;2025;9.09091;Junco do Maranhão
2507804;2025;0;Junco do Seridó
3525904;2025;44.22046;Jundiaí
4112900;2025;3.62319;Jundiaí do Sul
2406155;2025;0;Jundiá
2703908;2025;0;Jundiá
2704005;2025;4.81041;Junqueiro
3526001;2025;12.27459;Junqueirópolis
2608305;2025;27.77778;Jupi
4209177;2025;0;Jupiá
3526209;2025;2.66557;Juquitiba
3526100;2025;14.79188;Juquiá
3136801;2025;5.26316;Juramento
4112959;2025;19.5122;Juranda
2205532;2025;0;Jurema
2608404;2025;1.80018;Jurema
2507903;2025;6.42202;Juripiranga
2508000;2025;19.12046;Juru
3136900;2025;9.89346;Juruaia
5105176;2025;12.61261;Juruena
1503903;2025;14.84932;Juruti
1302207;2025;0;Juruá
5105200;2025;4.78011;Juscimeira
2918506;2025;3.41588;Jussara
4113007;2025;1.45085;Jussara
5212204;2025;28.1761;Jussara
2918555;2025;0;Jussari
2918605;2025;4.24448;Jussiape
1302306;2025;0.95238;Jutaí
5005152;2025;6.17284;Juti
3136959;2025;4.0404;Juvenília
5105150;2025;37.49625;Juína
4311155;2025;11.39896;Jóia
2205524;2025;0;Júlio Borges
3525805;2025;2.21239;Júlio Mesquita
4311205;2025;22.81267;Júlio de Castilhos
4113106;2025;21.73913;Kaloré
4209201;2025;2.64901;Lacerdópolis
3137007;2025;37.35632;Ladainha
5005202;2025;7.51073;Ladário
2918704;2025;10.80432;Lafaiete Coutinho
3137106;2025;21.19309;Lagamar
2803500;2025;38.09049;Lagarto
4209300;2025;37.62685;Lages
2105906;2025;29.47598;Lago Verde
2105708;2025;9.59488;Lago da Pedra
2105807;2025;0;Lago do Junco
2105948;2025;47.94521;Lago dos Rodrigues
2508109;2025;75.04363;Lagoa
2205557;2025;3.37838;Lagoa Alegre
4311239;2025;0;Lagoa Bonita do Sul
3137403;2025;6.06796;Lagoa Dourada
3137502;2025;5.36942;Lagoa Formosa
2608750;2025;5.8876;Lagoa Grande
3137536;2025;9.13462;Lagoa Grande
2105963;2025;2.23589;Lagoa Grande do Maranhão
2406502;2025;2.20143;Lagoa Nova
2918803;2025;1.90567;Lagoa Real
2406601;2025;3.59712;Lagoa Salgada
3137601;2025;41.77642;Lagoa Santa
5212253;2025;11.36364;Lagoa Santa
2508307;2025;12.17263;Lagoa Seca
4311304;2025;18.10865;Lagoa Vermelha
2406205;2025;0;Lagoa d'Anta
2704104;2025;9.25926;Lagoa da Canoa
1711902;2025;20.89269;Lagoa da Confusão
3137205;2025;16.37206;Lagoa da Prata
2508208;2025;1.46306;Lagoa de Dentro
2608503;2025;4.36353;Lagoa de Itaenga
2406304;2025;0;Lagoa de Pedras
2205573;2025;16.70644;Lagoa de São Francisco
2406403;2025;3.25733;Lagoa de Velhos
2205565;2025;0;Lagoa do Barro do Piauí
2608453;2025;9.93471;Lagoa do Carro
2105922;2025;0;Lagoa do Mato
2608602;2025;15.07538;Lagoa do Ouro
2205581;2025;14.61039;Lagoa do Piauí
2205599;2025;11.67315;Lagoa do Sítio
1711951;2025;14.45087;Lagoa do Tocantins
2608701;2025;8.01603;Lagoa dos Gatos
3137304;2025;1.94553;Lagoa dos Patos
4311270;2025;0;Lagoa dos Três Cantos
3526308;2025;13.91863;Lagoinha
2205540;2025;5.95238;Lagoinha do Piauí
4311254;2025;20.20202;Lagoão
4209409;2025;19.89987;Laguna
5005251;2025;0.44366;Laguna Carapã
2918902;2025;0;Laje
3302304;2025;4.65116;Laje do Muriaé
1712009;2025;1.96078;Lajeado
4311403;2025;26.84296;Lajeado
4209458;2025;2.91545;Lajeado Grande
2105989;2025;0;Lajeado Novo
4311429;2025;0;Lajeado do Bugre
2919058;2025;2.1322;Lajedinho
2608800;2025;34.92647;Lajedo
2918753;2025;5.73301;Lajedo do Tabocal
2919009;2025;0;Lajedão
2406700;2025;8.94085;Lajes
2406809;2025;0;Lajes Pintadas
3137700;2025;8.4088;Lajinha
2919108;2025;21.62162;Lamarão
3137809;2025;26.29298;Lambari
5105234;2025;4.98442;Lambari D'Oeste
3137908;2025;0;Lamim
2205607;2025;0;Landri Sales
4113205;2025;9.70617;Lapa
2919157;2025;5.28821;Lapão
3203163;2025;21.827;Laranja da Terra
3138005;2025;6.20018;Laranjal
4113254;2025;7.48503;Laranjal
3526407;2025;265.85812;Laranjal Paulista
1600279;2025;7.04035;Laranjal do Jari
2803609;2025;10.46317;Laranjeiras
4113304;2025;23.44697;Laranjeiras do Sul
3138104;2025;2.71003;Lassance
2508406;2025;0;Lastro
4209508;2025;10.09215;Laurentino
4209607;2025;13.91838;Lauro Muller
2919207;2025;25.26642;Lauro de Freitas
1712157;2025;0;Lavandeira
3138203;2025;23.63721;Lavras
2307502;2025;3.30891;Lavras da Mangabeira
4311502;2025;0;Lavras do Sul
3526605;2025;0;Lavrinhas
3526506;2025;2.82885;Lavínia
3138302;2025;0;Leandro Ferreira
4209706;2025;11.50442;Lebon Régis
3526704;2025;39.9674;Leme
3138351;2025;10.52632;Leme do Prado
2919306;2025;5.57621;Lençóis
3526803;2025;20.17267;Lençóis Paulista
4209805;2025;1.90114;Leoberto Leal
3138401;2025;30.53783;Leopoldina
5212303;2025;6.65779;Leopoldo de Bulhões
4113403;2025;15.19337;Leópolis
4311601;2025;3.38983;Liberato Salzano
3138500;2025;16.99717;Liberdade
2919405;2025;3.51906;Licínio de Almeida
4113429;2025;0;Lidianópolis
2106003;2025;36.21002;Lima Campos
3138609;2025;37.55459;Lima Duarte
3526902;2025;75.9888;Limeira
3138625;2025;4.25645;Limeira do Oeste
2608909;2025;34.05212;Limoeiro
2704203;2025;48.30918;Limoeiro de Anadia
1504000;2025;0.7728;Limoeiro do Ajuru
2307601;2025;23.95308;Limoeiro do Norte
4113452;2025;2.03666;Lindoeste
4311627;2025;0.40519;Lindolfo Collor
3527009;2025;1.9478;Lindóia
4209854;2025;12.73885;Lindóia do Sul
4311643;2025;0;Linha Nova
3203205;2025;21.23758;Linhares
3527108;2025;10.65298;Lins
2508505;2025;3.31126;Livramento
2919504;2025;19.66783;Livramento de Nossa Senhora
1712405;2025;4.40529;Lizarda
4113502;2025;20.54795;Loanda
4113601;2025;35.4251;Lobato
2508554;2025;0;Logradouro
4113700;2025;43.91885;Londrina
3138658;2025;55.61993;Lontra
4209904;2025;35.55897;Lontras
3527207;2025;25.69764;Lorena
2106102;2025;4.93151;Loreto
3527256;2025;0;Lourdes
3527306;2025;85.91743;Louveira
5105259;2025;21.12246;Lucas do Rio Verde
2508604;2025;3.78907;Lucena
3527504;2025;0;Lucianópolis
5105309;2025;2.44499;Luciara
2406908;2025;6.77966;Lucrécia
3527405;2025;5.85652;Lucélia
3138674;2025;10.72386;Luisburgo
3138682;2025;0;Luislândia
4210001;2025;10.00371;Luiz Alves
4113734;2025;7.31383;Luiziana
3527702;2025;7.78816;Luiziânia
3138708;2025;3.94322;Luminárias
4113759;2025;11.01928;Lunardelli
4113809;2025;14.64844;Lupionópolis
3527801;2025;0;Lupércio
3527900;2025;4.07332;Lutécia
3138807;2025;27.83636;Luz
4210035;2025;5.5332;Luzerna
2205805;2025;17.60325;Luzilândia
1712454;2025;15.05017;Luzinópolis
5212501;2025;25.12305;Luziânia
3527603;2025;2.9604;Luís Antônio
2205706;2025;8.89363;Luís Correia
2106201;2025;20.06689;Luís Domingues
2919553;2025;19.04151;Luís Eduardo Magalhães
2407005;2025;3.32226;Luís Gomes
1302405;2025;8.4507;Lábrea
2919603;2025;16.46091;Macajuba
2803708;2025;118.42105;Macambira
2609006;2025;26.80486;Macaparana
1600303;2025;20.09607;Macapá
2919702;2025;12.44101;Macarani
3528007;2025;5.73825;Macatuba
2407203;2025;8.59665;Macau
3528106;2025;9.27644;Macaubal
3302403;2025;17.01866;Macaé
2407104;2025;10.84711;Macaíba
2919801;2025;22.66783;Macaúbas
3528205;2025;28.31595;Macedônia
2704302;2025;21.88695;Maceió
3138906;2025;38.81701;Machacalis
4311700;2025;15.35312;Machadinho
1100130;2025;9.4162;Machadinho D'Oeste
3139003;2025;12.89238;Machado
2609105;2025;9.52381;Machados
4210050;2025;0;Macieira
3302452;2025;8.79353;Macuco
2919900;2025;8.80503;Macururé
2307635;2025;4.99002;Madalena
2205854;2025;14.08451;Madeiro
2919926;2025;14.86989;Madre de Deus
3139102;2025;1.61812;Madre de Deus de Minas
2919959;2025;5.11073;Maetinga
4210100;2025;17.36502;Mafra
1504109;2025;0;Magalhães Barata
2106300;2025;13.21222;Magalhães de Almeida
3528304;2025;1.34048;Magda
3302502;2025;26.21346;Magé
2920007;2025;7.5662;Maiquinique
2920106;2025;38.70387;Mairi
3528403;2025;11.18268;Mairinque
3528502;2025;28.45175;Mairiporã
5212600;2025;3.4662;Mairipotaba
4210209;2025;6.42055;Major Gercino
2704401;2025;9.29839;Major Isidoro
2407252;2025;76.12457;Major Sales
4210308;2025;8.47458;Major Vieira
3139201;2025;10.74219;Malacacheta
2920205;2025;0;Malhada
2920304;2025;12.33184;Malhada de Pedras
2803807;2025;13.86963;Malhada dos Bois
2803906;2025;75.77093;Malhador
4113908;2025;5.68643;Mallet
2508802;2025;0;Malta
2508901;2025;6.61241;Mamanguape
5212709;2025;20.14652;Mambaí
4114005;2025;7.9698;Mamborê
3139250;2025;7.35294;Mamonas
4311734;2025;0;Mampituba
1302504;2025;4.83144;Manacapuru
1302553;2025;0;Manaquiri
2609154;2025;10.61947;Manari
1302603;2025;69.53969;Manaus
2509008;2025;6.97674;Manaíra
4114203;2025;8.87311;Mandaguari
4114104;2025;30.45045;Mandaguaçu
4114302;2025;6.32803;Mandirituba
3528601;2025;15.79172;Manduri
4114351;2025;0;Manfrinópolis
3139300;2025;9.14634;Manga
3302601;2025;19.49365;Mangaratiba
4114401;2025;13.32308;Mangueirinha
3139409;2025;19.5317;Manhuaçu
3139508;2025;25.75423;Manhumirim
1302702;2025;3.61426;Manicoré
2205904;2025;0;Manoel Emídio
4114500;2025;25.07313;Manoel Ribas
1200344;2025;10.90343;Manoel Urbano
4311759;2025;6.62879;Manoel Viana
2920403;2025;25.43007;Manoel Vitorino
2920452;2025;0;Mansidão
3139607;2025;33.48358;Mantena
3203304;2025;27.41021;Mantenópolis
4311775;2025;4.64396;Maquiné
2704906;2025;0;Mar Vermelho
3139805;2025;14.65003;Mar de Espanha
5212808;2025;12.50539;Mara Rosa
1504208;2025;22.53375;Marabá
3528700;2025;0;Marabá Paulista
5005400;2025;17.41117;Maracaju
4210407;2025;2.53593;Maracajá
2307650;2025;18.28709;Maracanaú
1504307;2025;1.73435;Maracanã
2106326;2025;17.1592;Maracaçumé
3528809;2025;23.04893;Maracaí
2920502;2025;24.93827;Maracás
2704500;2025;20.21223;Maragogi
2920601;2025;5.00835;Maragogipe
2609204;2025;0;Maraial
2106359;2025;0;Marajá do Sena
2307700;2025;11.12764;Maranguape
2106375;2025;0;Maranhãozinho
1504406;2025;8.44951;Marapanim
3528858;2025;3.09598;Marapoama
3203320;2025;24.47082;Marataízes
4311791;2025;5.11509;Maratá
4311809;2025;21.6169;Marau
2704609;2025;6.18557;Maravilha
4210506;2025;26.50332;Maravilha
3139706;2025;14.862;Maravilhas
1302801;2025;0;Maraã
2920700;2025;14.47368;Maraú
2509057;2025;17.85714;Marcação
4311908;2025;31.91489;Marcelino Ramos
2407302;2025;0;Marcelino Vieira
5105580;2025;20.50035;Marcelândia
2920809;2025;33.37969;Marcionílio Souza
2307809;2025;12.43301;Marco
2205953;2025;6.87285;Marcolândia
2206001;2025;11.76471;Marcos Parente
4114609;2025;28.38024;Marechal Cândido Rondon
2704708;2025;5.78576;Marechal Deodoro
3203346;2025;19.47023;Marechal Floriano
1200351;2025;0.42248;Marechal Thaumaturgo
4210555;2025;0;Marema
2509107;2025;11.83971;Mari
4114708;2025;0;Maria Helena
3139904;2025;18.75977;Maria da Fé
4114807;2025;22.81434;Marialva
3140001;2025;7.97759;Mariana
4311981;2025;10.43841;Mariana Pimentel
4312005;2025;0;Mariano Moro
1712504;2025;6.46353;Marianópolis do Tocantins
2704807;2025;6.98487;Maribondo
3302700;2025;36.58246;Maricá
3140100;2025;11.08647;Marilac
4115002;2025;16.54412;Marilena
4115101;2025;14.19111;Mariluz
3203353;2025;9.93641;Marilândia
4114906;2025;3.08642;Marilândia do Sul
4115200;2025;55.24121;Maringá
3529104;2025;10.55409;Marinópolis
4115358;2025;17.85714;Maripá
3140209;2025;2.99401;Maripá de Minas
1504422;2025;11.26775;Marituba
2509156;2025;3.65631;Marizópolis
3528908;2025;5.14139;Mariápolis
4115309;2025;87.4036;Mariópolis
3140308;2025;2.01207;Marliéria
4115408;2025;14.99293;Marmeleiro
3140407;2025;11.14206;Marmelópolis
4312054;2025;9.53678;Marques de Souza
4115457;2025;10.98901;Marquinho
3140506;2025;9.38584;Martinho Campos
2407401;2025;127.99339;Martins
3140530;2025;7.67544;Martins Soares
2307908;2025;2.69542;Martinópole
3529203;2025;15.7385;Martinópolis
2804003;2025;5.3027;Maruim
4115507;2025;65.9945;Marumbi
5212907;2025;5.42495;Marzagão
3529005;2025;24.1921;Marília
2920908;2025;1.92802;Mascote
2308005;2025;19.1914;Massapê
2206050;2025;0;Massapê do Piauí
2509206;2025;0;Massaranduba
4210605;2025;7.83572;Massaranduba
4312104;2025;12.5523;Mata
2705002;2025;15.01251;Mata Grande
2106409;2025;0;Mata Roma
3140555;2025;12.19512;Mata Verde
2921005;2025;11.55417;Mata de São João
2509305;2025;10.19541;Mataraca
1712702;2025;0;Mateiros
4115606;2025;3.88632;Matelândia
3140605;2025;81.08108;Materlândia
3140704;2025;11.10709;Mateus Leme
3171501;2025;553.01645;Mathias Lobato
3140803;2025;6.61898;Matias Barbosa
3140852;2025;0.75643;Matias Cardoso
2206100;2025;25.38071;Matias Olímpio
2921054;2025;14.23877;Matina
2106508;2025;8.60585;Matinha
2509339;2025;11.67315;Matinhas
4115705;2025;24.54426;Matinhos
3140902;2025;17.70912;Matipó
4312138;2025;0;Mato Castelhano
2509370;2025;0;Mato Grosso
4312153;2025;11.41227;Mato Leitão
4312179;2025;8.84956;Mato Queimado
4115739;2025;4.82315;Mato Rico
3141009;2025;20.67947;Mato Verde
4210704;2025;0;Matos Costa
3141108;2025;5.59761;Matozinhos
5212956;2025;3.72671;Matrinchã
2705101;2025;4.44677;Matriz de Camaragibe
5105606;2025;30.90406;Matupá
2509396;2025;9.90099;Maturéia
3141207;2025;23.25581;Matutina
3529302;2025;10.14011;Matão
2106607;2025;2.44035;Matões
2106631;2025;1.11857;Matões do Norte
5213004;2025;10.09464;Maurilândia
1712801;2025;8.87574;Maurilândia do Tocantins
2308104;2025;4.58615;Mauriti
3529401;2025;18.26871;Mauá
4115754;2025;18.95887;Mauá da Serra
1302900;2025;4.38764;Maués
2407500;2025;13.15789;Maxaranguape
4312203;2025;6.01504;Maximiliano de Almeida
1600402;2025;0;Mazagão
4311718;2025;0;Maçambará
3141306;2025;6.78295;Medeiros
2921104;2025;11.23853;Medeiros Neto
4115804;2025;14.73368;Medianeira
1504455;2025;7.06357;Medicilândia
3141405;2025;37.182;Medina
4210803;2025;15.64129;Meleiro
1504505;2025;0;Melgaço
3302809;2025;17.22017;Mendes
3141504;2025;4.83092;Mendes Pimentel
3529500;2025;2.23571;Mendonça
4115853;2025;3.69822;Mercedes
3141603;2025;20.34665;Mercês
3529609;2025;0;Meridiano
2308203;2025;4.16667;Meruoca
3141702;2025;8.13008;Mesquita
3302858;2025;16.1506;Mesquita
2705200;2025;20.88062;Messias
2407609;2025;5.52486;Messias Targino
3529658;2025;0;Mesópolis
2206209;2025;14.90515;Miguel Alves
2921203;2025;35.72985;Miguel Calmon
2206308;2025;0;Miguel Leão
3302908;2025;69.92366;Miguel Pereira
3529708;2025;8.31025;Miguelópolis
2308302;2025;10.58743;Milagres
2921302;2025;20.58197;Milagres
2106672;2025;0;Milagres do Maranhão
2308351;2025;25.25253;Milhã
2206357;2025;0;Milton Brandão
5213053;2025;0;Mimoso de Goiás
3203403;2025;9.29648;Mimoso do Sul
2705309;2025;2.10084;Minador do Negrão
3141801;2025;19.15133;Minas Novas
4312252;2025;3.37838;Minas do Leão
5213087;2025;15.72197;Minaçu
3141900;2025;1.00908;Minduri
5213103;2025;19.15929;Mineiros
3529807;2025;35.53038;Mineiros do Tietê
1101203;2025;12.83988;Ministro Andreazza
3530003;2025;7.59013;Mira Estrela
3142007;2025;8.19113;Mirabela
3529906;2025;6.5152;Miracatu
3303005;2025;20.52074;Miracema
1713205;2025;9.54198;Miracema do Tocantins
2106706;2025;4.74496;Mirador
4115903;2025;0;Mirador
3142106;2025;15.04298;Miradouro
4312302;2025;4.05268;Miraguaí
5005608;2025;15.31767;Miranda
2106755;2025;15.38462;Miranda do Norte
2609303;2025;6.62983;Mirandiba
3530102;2025;19.28697;Mirandópolis
2921401;2025;9.83021;Mirangaba
1713304;2025;3.81679;Miranorte
2921450;2025;2.73973;Mirante
1101302;2025;28.51588;Mirante da Serra
3530201;2025;1.77162;Mirante do Paranapanema
4116000;2025;0;Miraselva
3530300;2025;27.23186;Mirassol
5105622;2025;21.49374;Mirassol d'Oeste
3530409;2025;5.91279;Mirassolândia
3142254;2025;0;Miravânia
3142205;2025;8.93152;Miraí
2308377;2025;1.46843;Miraíma
4210852;2025;5.56586;Mirim Doce
2106805;2025;7.53296;Mirinzal
4116059;2025;10.96163;Missal
2308401;2025;2.8946;Missão Velha
1504604;2025;5.88235;Mocajuba
3530508;2025;16.72352;Mococa
4210902;2025;10.80108;Modelo
3142304;2025;3.76884;Moeda
3142403;2025;22.70884;Moema
2509404;2025;0.81967;Mogeiro
3530706;2025;15.13712;Mogi Guaçu
3530805;2025;10.59883;Mogi Mirim
3530607;2025;24.07472;Mogi das Cruzes
5213400;2025;0;Moiporá
2804102;2025;13.72074;Moita Bonita
1504703;2025;1.98156;Moju
1504752;2025;2.68998;Mojuí dos Campos
2308500;2025;11.89189;Mombaça
3530904;2025;1.07759;Mombuca
4211009;2025;11.46651;Mondaí
3531100;2025;5.86854;Mongaguá
3142502;2025;0;Monjolos
2206407;2025;1.08342;Monsenhor Gil
2206506;2025;3.99202;Monsenhor Hipólito
3142601;2025;9.85222;Monsenhor Paulo
2308609;2025;5.00114;Monsenhor Tabosa
2509503;2025;0;Montadas
3142700;2025;65.82078;Montalvânia
3203502;2025;16.90989;Montanha
2407708;2025;29.44942;Montanhas
4312351;2025;0;Montauri
1504802;2025;19.44157;Monte Alegre
2407807;2025;7.92171;Monte Alegre
5213509;2025;0;Monte Alegre de Goiás
3142809;2025;8.46063;Monte Alegre de Minas
2804201;2025;34.18803;Monte Alegre de Sergipe
2206605;2025;0.83682;Monte Alegre do Piauí
3531209;2025;4.0858;Monte Alegre do Sul
4312377;2025;0;Monte Alegre dos Campos
3531308;2025;32.91239;Monte Alto
3531407;2025;15.36211;Monte Aprazível
3142908;2025;16.22499;Monte Azul
3531506;2025;8.78799;Monte Azul Paulista
3143005;2025;8.14877;Monte Belo
4312385;2025;21.14165;Monte Belo do Sul
4211058;2025;41.7802;Monte Carlo
3143104;2025;29.81325;Monte Carmelo
3531605;2025;16.43836;Monte Castelo
4211108;2025;11.58301;Monte Castelo
3143153;2025;3.08642;Monte Formoso
2509602;2025;0;Monte Horebe
3531803;2025;5.12717;Monte Mor
1101401;2025;19.77041;Monte Negro
2921500;2025;6.34441;Monte Santo
3143203;2025;10.92667;Monte Santo de Minas
1713700;2025;0;Monte Santo do Tocantins
3143401;2025;3.99375;Monte Sião
2407906;2025;0;Monte das Gameleiras
1713601;2025;6.47948;Monte do Carmo
2509701;2025;38.02978;Monteiro
3531704;2025;45.45455;Monteiro Lobato
2705408;2025;0;Monteirópolis
4312401;2025;31.3439;Montenegro
2107001;2025;0;Montes Altos
3143302;2025;31.75319;Montes Claros
5213707;2025;11.99657;Montes Claros de Goiás
3143450;2025;61.64384;Montezuma
5213756;2025;7.04896;Montividiu
5213772;2025;0;Montividiu do Norte
2106904;2025;1.5528;Monção
3531001;2025;0;Monções
2308708;2025;6.1365;Morada Nova
3143500;2025;6.57414;Morada Nova de Minas
2308807;2025;1.84502;Moraújo
2614303;2025;19.51952;Moreilândia
4116109;2025;7.56859;Moreira Sales
2609402;2025;21.01089;Moreno
4312427;2025;2.20751;Mormaço
2921609;2025;1.89394;Morpará
4116208;2025;39.58803;Morretes
2308906;2025;6.30473;Morrinhos
5213806;2025;18.70483;Morrinhos
4312443;2025;9.32401;Morrinhos do Sul
3531902;2025;7.79313;Morro Agudo
5213855;2025;7.26392;Morro Agudo de Goiás
2206654;2025;0;Morro Cabeça no Tempo
4211256;2025;0;Morro Grande
4312450;2025;4.095;Morro Redondo
4312476;2025;19.88072;Morro Reuter
4211207;2025;47.94126;Morro da Fumaça
3143609;2025;0;Morro da Garça
2921708;2025;19.63534;Morro do Chapéu
2206670;2025;0;Morro do Chapéu do Piauí
3143708;2025;0;Morro do Pilar
2107100;2025;18.79195;Morros
2921807;2025;10.64963;Mortugaba
3532009;2025;4.3951;Morungaba
2408003;2025;24.85224;Mossoró
5213905;2025;21.5664;Mossâmedes
4312500;2025;2.24404;Mostardas
3532058;2025;1.27389;Motuca
5214002;2025;12.48465;Mozarlândia
1504901;2025;0;Muaná
1400308;2025;3.25521;Mucajaí
2309003;2025;4.57404;Mucambo
2921906;2025;2.59291;Mucugê
2922003;2025;12.12898;Mucuri
3203601;2025;23.67347;Mucurici
4312617;2025;0;Muitos Capões
4312625;2025;0;Muliterno
2309102;2025;18.78354;Mulungu
2509800;2025;8.867;Mulungu
2922052;2025;3.08325;Mulungu do Morro
2922102;2025;14.57195;Mundo Novo
5005681;2025;15.62124;Mundo Novo
5214051;2025;4.01606;Mundo Novo
3143807;2025;3.15457;Munhoz
4116307;2025;0;Munhoz de Melo
2922201;2025;10.06289;Muniz Ferreira
3203700;2025;28.95753;Muniz Freire
3203809;2025;6.39163;Muqui
2922250;2025;5.68643;Muquém de São Francisco
3143906;2025;29.98295;Muriaé
2804300;2025;1.85701;Muribeca
2705507;2025;6.51607;Murici
2206696;2025;19.10828;Murici dos Portelas
1713957;2025;11.40684;Muricilândia
2922300;2025;10.21356;Muritiba
3532108;2025;32.71984;Murutinga do Sul
3144003;2025;8.11359;Mutum
5214101;2025;4.9505;Mutunópolis
2922409;2025;4.66418;Mutuípe
3144102;2025;23.38913;Muzambinho
4312609;2025;0.4268;Muçum
3140159;2025;12.78079;Mário Campos
1200336;2025;8.76424;Mâncio Lima
2508703;2025;11.23596;Mãe d'Água
1504059;2025;17.11712;Mãe do Rio
3144201;2025;0;Nacip Raydan
3532157;2025;0;Nantes
3144300;2025;22.39519;Nanuque
3144359;2025;7.39827;Naque
3532207;2025;0;Narandiba
2408102;2025;25.3886;Natal
3144375;2025;1.75131;Natalândia
1714203;2025;12.23242;Natividade
3303104;2025;25.64103;Natividade
3532306;2025;5.57414;Natividade da Serra
2509909;2025;0;Natuba
3144409;2025;10.83591;Natércia
4211306;2025;16.90664;Navegantes
5005707;2025;13.0518;Naviraí
3144508;2025;0.39952;Nazareno
2510006;2025;0;Nazarezinho
1714302;2025;0;Nazaré
2922508;2025;3.59928;Nazaré
3532405;2025;22.29216;Nazaré Paulista
2609501;2025;19.89367;Nazaré da Mata
2206704;2025;9.05797;Nazaré do Piauí
2206720;2025;1.95567;Nazária
5214408;2025;5.2356;Nazário
3144607;2025;22.45735;Nepomuceno
5214507;2025;30.74866;Nerópolis
3532504;2025;1.99402;Neves Paulista
2804409;2025;29.79224;Neópolis
1303007;2025;1.31406;Nhamundá
3532603;2025;24.47731;Nhandeara
4312674;2025;0;Nicolau Vergueiro
2922607;2025;9.09091;Nilo Peçanha
3303203;2025;26.60718;Nilópolis
2107209;2025;0;Nina Rodrigues
3144656;2025;6.15655;Ninheira
5005806;2025;9.38478;Nioaque
3532702;2025;0;Nipoã
5214606;2025;7.5564;Niquelândia
3303302;2025;55.25478;Niterói
5105903;2025;32.16099;Nobres
4312708;2025;13.07484;Nonoai
2922656;2025;13.48748;Nordestina
1400407;2025;0.32144;Normandia
5106000;2025;6.25;Nortelândia
2804458;2025;10.32258;Nossa Senhora Aparecida
2804508;2025;16.85718;Nossa Senhora da Glória
2804607;2025;19.24233;Nossa Senhora das Dores
4116406;2025;0;Nossa Senhora das Graças
2804706;2025;17.34104;Nossa Senhora de Lourdes
2206753;2025;0;Nossa Senhora de Nazaré
5106109;2025;1.45985;Nossa Senhora do Livramento
2804805;2025;7.78692;Nossa Senhora do Socorro
2206803;2025;0;Nossa Senhora dos Remédios
3532801;2025;4.70711;Nova Aliança
4116505;2025;0;Nova Aliança do Ivaí
4312757;2025;0.86207;Nova Alvorada
5006002;2025;10.03215;Nova Alvorada do Sul
5214705;2025;29.70297;Nova América
4116604;2025;2.05761;Nova América da Colina
5006200;2025;24.47319;Nova Andradina
4312807;2025;6.71463;Nova Araçá
4116703;2025;3.79075;Nova Aurora
5214804;2025;0;Nova Aurora
5106158;2025;23.13841;Nova Bandeirantes
4312906;2025;27.41514;Nova Bassano
3144672;2025;0;Nova Belém
4312955;2025;1.17786;Nova Boa Vista
5106208;2025;8.19672;Nova Brasilândia
1100148;2025;18.81271;Nova Brasilândia D'Oeste
4313003;2025;34.70032;Nova Bréscia
3532827;2025;2.22222;Nova Campina
2922706;2025;4.26439;Nova Canaã
3532843;2025;0;Nova Canaã Paulista
5106216;2025;22.79753;Nova Canaã do Norte
4313011;2025;0;Nova Candelária
4116802;2025;8.37696;Nova Cantu
3532868;2025;12.6183;Nova Castilho
2107258;2025;0;Nova Colinas
5214838;2025;8.90208;Nova Crixás
2408300;2025;31.98934;Nova Cruz
3144706;2025;10.20408;Nova Era
4211405;2025;10.02506;Nova Erechim
4116901;2025;15.91991;Nova Esperança
1504950;2025;0;Nova Esperança do Piriá
4116950;2025;8.96552;Nova Esperança do Sudoeste
4313037;2025;4.00687;Nova Esperança do Sul
3532900;2025;2.93255;Nova Europa
2510105;2025;2.90276;Nova Floresta
3303401;2025;28.73019;Nova Friburgo
2922730;2025;19.31034;Nova Fátima
4117008;2025;12.03114;Nova Fátima
5214861;2025;3.65854;Nova Glória
3533007;2025;20.45329;Nova Granada
5108808;2025;6.20347;Nova Guarita
3533106;2025;15.09434;Nova Guataporanga
4313060;2025;12.77122;Nova Hartz
2922755;2025;1.21065;Nova Ibiá
3303500;2025;26.92277;Nova Iguaçu
5214879;2025;0;Nova Iguaçu de Goiás
3533205;2025;0;Nova Independência
2107308;2025;0;Nova Iorque
1504976;2025;0;Nova Ipixuna
4211454;2025;4.55581;Nova Itaberaba
2922805;2025;6.76437;Nova Itarana
5106182;2025;9.10194;Nova Lacerda
4117057;2025;14.01051;Nova Laranjeiras
3144805;2025;40.74539;Nova Lima
4117107;2025;17.92261;Nova Londrina
3533304;2025;108.02469;Nova Luzitânia
1100338;2025;23.05782;Nova Mamoré
5108857;2025;1.07953;Nova Marilândia
5108907;2025;4.78011;Nova Maringá
5108956;2025;22.84382;Nova Monte Verde
5106224;2025;18.25319;Nova Mutum
3144904;2025;0;Nova Módica
5106174;2025;0;Nova Nazaré
3533403;2025;53.51134;Nova Odessa
1714880;2025;2.82167;Nova Olinda
2309201;2025;11.22931;Nova Olinda
2510204;2025;1.42248;Nova Olinda
2107357;2025;1.58479;Nova Olinda do Maranhão
1303106;2025;0;Nova Olinda do Norte
4117206;2025;1.80505;Nova Olímpia
5106232;2025;2.90598;Nova Olímpia
4313102;2025;3.67647;Nova Palma
2510303;2025;11.97605;Nova Palmeira
4313201;2025;24.91444;Nova Petrópolis
3145000;2025;10.83477;Nova Ponte
3145059;2025;7.80312;Nova Porteirinha
4313300;2025;70.52502;Nova Prata
4117255;2025;17.24138;Nova Prata do Iguaçu
4313086;2025;54.27975;Nova Pádua
4313334;2025;0;Nova Ramada
2922854;2025;0;Nova Redenção
3145109;2025;10.26694;Nova Resende
5214903;2025;3.81679;Nova Roma
4313359;2025;5.05051;Nova Roma do Sul
1715002;2025;0;Nova Rosalândia
2309300;2025;32.18702;Nova Russas
4117214;2025;3.69004;Nova Santa Bárbara
5106190;2025;14.59854;Nova Santa Helena
2207959;2025;0;Nova Santa Rita
4313375;2025;39.08205;Nova Santa Rita
4117222;2025;78.10384;Nova Santa Rosa
3145208;2025;22.79059;Nova Serrana
2922904;2025;4.9896;Nova Soure
4117271;2025;6.22407;Nova Tebas
1505007;2025;71.5088;Nova Timboteua
4211504;2025;15.03341;Nova Trento
5106240;2025;1.33511;Nova Ubiratã
1101435;2025;16.33606;Nova União
3136603;2025;28.24134;Nova União
4211603;2025;9.48042;Nova Veneza
5215009;2025;9.23594;Nova Veneza
3203908;2025;30.89914;Nova Venécia
2923001;2025;3.18725;Nova Viçosa
5106257;2025;14.19032;Nova Xavantina
3533254;2025;2.43013;Novais
1715101;2025;0;Novo Acordo
1303205;2025;0;Novo Airão
1715150;2025;11.32075;Novo Alegre
1303304;2025;3.37268;Novo Aripuanã
4313490;2025;3.92927;Novo Barreiro
5215207;2025;4.07332;Novo Brasil
4313391;2025;3.64964;Novo Cabrais
3145307;2025;60.97561;Novo Cruzeiro
5215231;2025;17.28654;Novo Gama
4313409;2025;40.68701;Novo Hamburgo
2923035;2025;0;Novo Horizonte
3533502;2025;9.24609;Novo Horizonte
4211652;2025;7.61905;Novo Horizonte
5106273;2025;12.09677;Novo Horizonte do Norte
1100502;2025;6.42055;Novo Horizonte do Oeste
5006259;2025;5.01253;Novo Horizonte do Sul
4117297;2025;0;Novo Itacolomi
1715259;2025;0;Novo Jardim
2705606;2025;4.31448;Novo Lino
4313425;2025;10.6383;Novo Machado
5106265;2025;7.77706;Novo Mundo
2309409;2025;9.32744;Novo Oriente
3145356;2025;55.38462;Novo Oriente de Minas
2206902;2025;7.69231;Novo Oriente do Piauí
5215256;2025;5.96125;Novo Planalto
1505031;2025;23.98801;Novo Progresso
1505064;2025;24.01615;Novo Repartimento
2206951;2025;0;Novo Santo Antônio
5106315;2025;0;Novo Santo Antônio
5106281;2025;6.68037;Novo São Joaquim
4313441;2025;6.32911;Novo Tiradentes
2923050;2025;10.551;Novo Triunfo
4313466;2025;26.81992;Novo Xingu
3145372;2025;0;Novorizonte
3533601;2025;1.85057;Nuporanga
4312658;2025;8.30134;Não-Me-Toque
2408201;2025;35.72528;Nísia Floresta
2309458;2025;15.03006;Ocara
3533700;2025;0.8726;Ocauçu
2207009;2025;23.83604;Oeiras
1505205;2025;4.3592;Oeiras do Pará
1600501;2025;12.59129;Oiapoque
3145406;2025;0;Olaria
2207108;2025;0;Olho D'Água do Piauí
2510402;2025;0;Olho d'Água
2705903;2025;4.07332;Olho d'Água Grande
2107407;2025;0.86957;Olho d'Água das Cunhãs
2705705;2025;104.36893;Olho d'Água das Flores
2705804;2025;0;Olho d'Água do Casado
2408409;2025;0;Olho-d'Água do Borges
3145455;2025;2.21729;Olhos d'Água
2609600;2025;32.67447;Olinda
2107456;2025;1.58479;Olinda Nova do Maranhão
2923100;2025;5.21376;Olindina
2510501;2025;0;Olivedos
3145604;2025;14.28323;Oliveira
3145703;2025;0;Oliveira Fortes
1715507;2025;0;Oliveira de Fátima
2923209;2025;9.29152;Oliveira dos Brejinhos
2706000;2025;4.72712;Olivença
3533908;2025;75.57998;Olímpia
3145505;2025;2.35849;Olímpio Noronha
3534005;2025;0;Onda Verde
3145802;2025;0;Onça de Pitangui
3145851;2025;0;Oratórios
3534104;2025;1.89573;Oriente
3534203;2025;2.78293;Orindiúva
1505304;2025;9.91893;Oriximiná
5215306;2025;7.57355;Orizona
3145877;2025;9.30233;Orizânia
4211702;2025;36.18665;Orleans
3534302;2025;9.93219;Orlândia
2609709;2025;14.71158;Orobó
2609808;2025;8.04424;Orocó
4117305;2025;9.4154;Ortigueira
2309508;2025;11.99315;Orós
3534401;2025;58.47583;Osasco
3534500;2025;0;Oscar Bressane
3534609;2025;28.12834;Osvaldo Cruz
4313508;2025;33.40595;Osório
4211751;2025;7.69843;Otacílio Costa
2609907;2025;14.2876;Ouricuri
1505437;2025;16.43938;Ourilândia do Norte
3534708;2025;29.61934;Ourinhos
4117404;2025;8.09717;Ourizona
2923308;2025;6.16808;Ouriçangas
4211801;2025;0.80257;Ouro
2408508;2025;0;Ouro Branco
2706109;2025;58.82353;Ouro Branco
3145901;2025;14.90593;Ouro Branco
3146008;2025;26.69839;Ouro Fino
3146107;2025;9.63535;Ouro Preto
1100155;2025;22.41195;Ouro Preto do Oeste
2510600;2025;0;Ouro Velho
3534807;2025;6.43777;Ouro Verde
4211850;2025;0;Ouro Verde
5215405;2025;27.95699;Ouro Verde de Goiás
3146206;2025;0;Ouro Verde de Minas
4117453;2025;4.59067;Ouro Verde do Oeste
3534757;2025;3.97746;Ouroeste
2923357;2025;5.56793;Ourolândia
1505403;2025;0.51921;Ourém
5215504;2025;3.97255;Ouvidor
3534906;2025;29.2;Pacaembu
2309607;2025;17.573;Pacajus
1505486;2025;12.54206;Pacajá
1400456;2025;12.44019;Pacaraima
2309706;2025;26.4949;Pacatuba
2804904;2025;0;Pacatuba
2309805;2025;6.46298;Pacoti
2309904;2025;5.85366;Pacujá
5215603;2025;12.39669;Padre Bernardo
3146255;2025;5.31915;Padre Carvalho
2207207;2025;1.55521;Padre Marcos
3146305;2025;9.68523;Padre Paraíso
2207306;2025;0;Paes Landim
3146552;2025;0;Pai Pedro
4211876;2025;0;Paial
4313607;2025;3.3557;Paim Filho
3146404;2025;18.21192;Paineiras
4211892;2025;3.4965;Painel
3146503;2025;2.7881;Pains
3146602;2025;0;Paiva
4117503;2025;15.02487;Paiçandu
2207355;2025;8.13008;Pajeú do Piauí
2706208;2025;0;Palestina
3535002;2025;2.09706;Palestina
5215652;2025;0;Palestina de Goiás
1505494;2025;0;Palestina do Pará
2310001;2025;1.12867;Palhano
4211900;2025;64.23176;Palhoça
3146701;2025;8.23045;Palma
4212007;2025;4.97788;Palma Sola
2610004;2025;21.07423;Palmares
3535101;2025;10.60752;Palmares Paulista
4313656;2025;36.06853;Palmares do Sul
1721000;2025;12.86051;Palmas
4117602;2025;17.30288;Palmas
2923407;2025;3.50263;Palmas de Monte Alto
4117701;2025;11.57964;Palmeira
4212056;2025;0;Palmeira
3535200;2025;82.01058;Palmeira d'Oeste
4313706;2025;33.93095;Palmeira das Missões
2207405;2025;1.6;Palmeira do Piauí
2706307;2025;17.04253;Palmeira dos Índios
2207504;2025;0;Palmeirais
1715705;2025;10.97695;Palmeirante
2923506;2025;8;Palmeiras
5215702;2025;24.41602;Palmeiras de Goiás
1713809;2025;0;Palmeiras do Tocantins
2610103;2025;2.73224;Palmeirina
2107605;2025;10.97561;Palmeirândia
1715754;2025;16.99524;Palmeirópolis
5215801;2025;9.47867;Palmelo
5215900;2025;2.3015;Palminópolis
3535309;2025;18.37641;Palmital
4117800;2025;16.73866;Palmital
4313805;2025;37.51617;Palmitinho
4212106;2025;10.27856;Palmitos
2310100;2025;11.65803;Palmácia
3146750;2025;10.22495;Palmópolis
4117909;2025;15.18448;Palotina
4313904;2025;15.36613;Panambi
5216007;2025;0;Panamá
3204005;2025;46.14629;Pancas
2610202;2025;8.18554;Panelas
3535408;2025;16.60006;Panorama
4313953;2025;12.10733;Pantano Grande
3146909;2025;13.78772;Papagaios
4212205;2025;14.45783;Papanduva
2207553;2025;0;Paquetá
3303609;2025;11.14611;Paracambi
3147006;2025;10.52598;Paracatu
2310209;2025;15.77745;Paracuru
1505502;2025;13.15244;Paragominas
3147204;2025;18.7659;Paraguaçu
3535507;2025;11.99866;Paraguaçu Paulista
2107704;2025;15.50388;Paraibano
3535606;2025;1.00435;Paraibuna
2310258;2025;13.84142;Paraipaba
3147303;2025;12.53544;Paraisópolis
2310308;2025;4.13749;Parambu
2923605;2025;9.82659;Paramirim
2310407;2025;23.71542;Paramoti
4118105;2025;3.68324;Paranacity
4118204;2025;9.71486;Paranaguá
5216304;2025;29.67359;Paranaiguara
3535804;2025;2.55959;Paranapanema
4118303;2025;0;Paranapoema
3535903;2025;0;Paranapuã
2610301;2025;5.15464;Paranatama
5106307;2025;12.39193;Paranatinga
4118402;2025;33.65698;Paranavaí
5006309;2025;26.30755;Paranaíba
5106299;2025;8.26446;Paranaíta
5006358;2025;12.34568;Paranhos
2408607;2025;0;Paraná
1716208;2025;5.85774;Paranã
3147402;2025;18.91435;Paraopeba
3536000;2025;0.56386;Parapuã
2510659;2025;0;Parari
2923704;2025;2.32964;Paratinga
3303807;2025;21.23123;Paraty
1505536;2025;11.14365;Parauapebas
2408805;2025;1.82482;Parazinho
4314001;2025;5.31915;Paraí
3303708;2025;11.30782;Paraíba do Sul
3535705;2025;4.04676;Paraíso
4212239;2025;4.08163;Paraíso
5006275;2025;2.15239;Paraíso das Águas
4118006;2025;8.52121;Paraíso do Norte
4314027;2025;8.88325;Paraíso do Sul
1716109;2025;19.86066;Paraíso do Tocantins
2408706;2025;0;Paraú
5216403;2025;4.83676;Paraúna
3536109;2025;3.2491;Pardinho
4314035;2025;1.08814;Pareci Novo
1101450;2025;10.67616;Parecis
2408904;2025;16.6999;Parelhas
2706422;2025;0;Pariconha
1303403;2025;14.87109;Parintins
2923803;2025;33.37505;Paripiranga
2706448;2025;52.81207;Paripueira
3536208;2025;9.02425;Pariquera-Açu
3536257;2025;0;Parisi
2207603;2025;0;Parnaguá
2403251;2025;8.80043;Parnamirim
2610400;2025;9.34579;Parnamirim
2107803;2025;3.24588;Parnarama
2207702;2025;37.16113;Parnaíba
4314050;2025;13.62266;Parobé
3147105;2025;20.59913;Pará de Minas
3147600;2025;19.88274;Passa Quatro
4314068;2025;0;Passa Sete
3147709;2025;1.28645;Passa Tempo
2409100;2025;25.31646;Passa e Fica
3147808;2025;18.21494;Passa-Vinte
3147501;2025;0;Passabém
2409209;2025;0;Passagem
2510709;2025;0;Passagem
2107902;2025;8.44854;Passagem Franca
2207751;2025;0;Passagem Franca do Piauí
2610509;2025;3.60011;Passira
4314100;2025;113.39073;Passo Fundo
2706505;2025;0;Passo de Camaragibe
4212254;2025;12.0308;Passo de Torres
4314076;2025;2.87563;Passo do Sobrado
3147907;2025;26.53566;Passos
4212270;2025;11.25896;Passos Maia
2108009;2025;10.52016;Pastos Bons
3147956;2025;0;Patis
4118451;2025;15.70681;Pato Bragado
4118501;2025;61.82532;Pato Branco
2510808;2025;22.35386;Patos
3148004;2025;23.45396;Patos de Minas
2207777;2025;0;Patos do Piauí
3148103;2025;24.7405;Patrocínio
3536307;2025;4.15144;Patrocínio Paulista
3148202;2025;6.62252;Patrocínio do Muriaé
2409308;2025;6.09756;Patu
3303856;2025;8.17059;Paty do Alferes
2923902;2025;26.34593;Pau Brasil
2207793;2025;0;Pau D'Arco do Piauí
1505551;2025;45.72098;Pau d'Arco
1716307;2025;26.0521;Pau d'Arco
2409407;2025;88.10498;Pau dos Ferros
2610608;2025;17.15097;Paudalho
1303502;2025;0;Pauini
3148301;2025;4.40044;Paula Cândido
4118600;2025;6.92641;Paula Freitas
3536406;2025;11.86579;Paulicéia
2108058;2025;41.63053;Paulino Neves
2510907;2025;1.7316;Paulista
2610707;2025;16.29973;Paulista
2207801;2025;49.922;Paulistana
3148400;2025;1.84843;Paulistas
3536570;2025;0;Paulistânia
2924009;2025;22.30562;Paulo Afonso
4314134;2025;0;Paulo Bento
4118709;2025;16.31702;Paulo Frontin
2706604;2025;0;Paulo Jacinto
4212304;2025;39.56959;Paulo Lopes
2108108;2025;2.7959;Paulo Ramos
3536604;2025;8.38223;Paulo de Faria
3536505;2025;11.47323;Paulínia
4314159;2025;3.11688;Paverama
2207850;2025;2.58398;Pavussu
3148509;2025;3.67197;Pavão
2107506;2025;32.62429;Paço do Lumiar
4118808;2025;4.40529;Peabiru
3536703;2025;8.35422;Pederneiras
2610806;2025;16.39344;Pedra
3148707;2025;24.19101;Pedra Azul
3536802;2025;0;Pedra Bela
3148756;2025;0;Pedra Bonita
2310506;2025;11.71732;Pedra Branca
2511004;2025;0;Pedra Branca
1600154;2025;0;Pedra Branca do Amapari
3149002;2025;2.44499;Pedra Dourada
2409506;2025;5.37634;Pedra Grande
2511103;2025;0;Pedra Lavrada
2805000;2025;3.26797;Pedra Mole
2409605;2025;0;Pedra Preta
5106372;2025;9.88417;Pedra Preta
3148806;2025;0;Pedra do Anta
3148905;2025;1.23533;Pedra do Indaiá
3149101;2025;11.96809;Pedralva
3536901;2025;0;Pedranópolis
4314175;2025;0;Pedras Altas
4212403;2025;0.98668;Pedras Grandes
2511202;2025;5.92729;Pedras de Fogo
3149150;2025;22.9709;Pedras de Maria da Cruz
3537008;2025;17.56198;Pedregulho
3537107;2025;20.22457;Pedreira
2108207;2025;54.29702;Pedreiras
2805109;2025;0;Pedrinhas
3537156;2025;1.30208;Pedrinhas Paulista
3149200;2025;0;Pedrinópolis
1716505;2025;23.17416;Pedro Afonso
2924207;2025;5.20833;Pedro Alexandre
2409704;2025;2.12089;Pedro Avelino
3204054;2025;9.55276;Pedro Canário
5006408;2025;11.23596;Pedro Gomes
2207900;2025;36.4;Pedro II
2207934;2025;0;Pedro Laurentino
3149309;2025;13.5775;Pedro Leopoldo
4314209;2025;16;Pedro Osório
2512721;2025;0;Pedro Régis
3149408;2025;0;Pedro Teixeira
2409803;2025;25.68982;Pedro Velho
3537206;2025;1.75901;Pedro de Toledo
2108256;2025;0;Pedro do Rosário
2924108;2025;0;Pedrão
1716604;2025;13.67309;Peixe
1505601;2025;0;Peixe-Boi
5106422;2025;55.80488;Peixoto de Azevedo
4314308;2025;4.85437;Pejuçara
4314407;2025;33.01887;Pelotas
2310605;2025;3.01205;Penaforte
2108306;2025;11.98027;Penalva
2409902;2025;3.63259;Pendências
2706703;2025;44.45099;Penedo
4212502;2025;188.97768;Penha
2310704;2025;7.14286;Pentecoste
3537305;2025;15.89404;Penápolis
3149507;2025;2.53485;Pequeri
3149606;2025;0;Pequi
1716653;2025;0;Pequizeiro
3149705;2025;6.22471;Perdigão
3149804;2025;5.46377;Perdizes
3149903;2025;26.78571;Perdões
3537404;2025;13.3812;Pereira Barreto
3537503;2025;5.27056;Pereiras
2310803;2025;718.76911;Pereiro
2108405;2025;0;Peri Mirim
3149952;2025;1.76367;Periquito
4212601;2025;2.30947;Peritiba
2108454;2025;1.98807;Peritoró
4118857;2025;44.25532;Perobal
5216452;2025;0.52466;Perolândia
3537602;2025;23.76349;Peruíbe
3150000;2025;0;Pescador
4212650;2025;13.83764;Pescaria Brava
2610905;2025;16.04214;Pesqueira
2611101;2025;17.95015;Petrolina
5216809;2025;22.23926;Petrolina de Goiás
2611002;2025;5.63869;Petrolândia
4212700;2025;38.58268;Petrolândia
3303906;2025;32.49241;Petrópolis
3148608;2025;8.43254;Peçanha
3537701;2025;12.18369;Piacatu
2511301;2025;36.23188;Piancó
2924306;2025;5.93912;Piatã
3150109;2025;6.62252;Piau
2706802;2025;10.96011;Piaçabuçu
4314423;2025;2.33754;Picada Café
2208007;2025;34.96298;Picos
2511400;2025;22.61712;Picuí
3537800;2025;7.81409;Piedade
3150158;2025;8.05639;Piedade de Caratinga
3150208;2025;104.83871;Piedade de Ponte Nova
3150307;2025;2.62812;Piedade do Rio Grande
3150406;2025;3.78072;Piedade dos Gerais
2511509;2025;1.386;Pilar
2706901;2025;5.33447;Pilar
5216908;2025;2.26244;Pilar de Goiás
3537909;2025;16.95605;Pilar do Sul
2924405;2025;9.7035;Pilão Arcado
2410009;2025;0;Pilões
2511608;2025;4.88599;Pilões
2511707;2025;9.90099;Pilõezinhos
3150505;2025;4.90436;Pimenta
1100189;2025;23.35546;Pimenta Bueno
2208106;2025;0;Pimenteiras
1101468;2025;0;Pimenteiras do Oeste
3538006;2025;17.99733;Pindamonhangaba
2108504;2025;2.46914;Pindaré-Mirim
2924504;2025;4.03226;Pindaí
2707008;2025;0;Pindoba
2924603;2025;4.13508;Pindobaçu
3538105;2025;6.85127;Pindorama
1717008;2025;0;Pindorama do Tocantins
2310852;2025;17.87669;Pindoretama
3150539;2025;93.93064;Pingo-d'Água
4119152;2025;48.3885;Pinhais
4314456;2025;3.76648;Pinhal
4314472;2025;0;Pinhal Grande
4314464;2025;9.84252;Pinhal da Serra
4119251;2025;7.7821;Pinhal de São Bento
3538204;2025;8.01282;Pinhalzinho
4212908;2025;21.42028;Pinhalzinho
4119202;2025;7.12831;Pinhalão
3303955;2025;14.24149;Pinheiral
4314498;2025;13.22115;Pinheirinho do Vale
2108603;2025;32.55865;Pinheiro
4314506;2025;4.83676;Pinheiro Machado
4213005;2025;2.1846;Pinheiro Preto
3204104;2025;7.12227;Pinheiros
2805208;2025;26.54867;Pinhão
4119301;2025;11.24311;Pinhão
2924652;2025;17.28395;Pintadas
4314548;2025;1.89036;Pinto Bandeira
3150570;2025;8.82353;Pintópolis
2208205;2025;5.55556;Pio IX
2108702;2025;19.66497;Pio XII
3538303;2025;9.84529;Piquerobi
2310902;2025;7.32845;Piquet Carneiro
3538501;2025;8.73362;Piquete
3538600;2025;6.48119;Piracaia
5217104;2025;12.49399;Piracanjuba
3150604;2025;3;Piracema
3538709;2025;16.18945;Piracicaba
2208304;2025;23.3477;Piracuruca
3538808;2025;14.33605;Piraju
3150703;2025;1.83936;Pirajuba
3538907;2025;4.57803;Pirajuí
2805307;2025;57.12319;Pirambu
3150802;2025;6.10501;Piranga
3539004;2025;6.59582;Pirangi
3151008;2025;46.49266;Piranguinho
3150901;2025;0;Piranguçu
2707107;2025;11.42473;Piranhas
5217203;2025;4.93097;Piranhas
2108801;2025;0;Pirapemas
3151107;2025;12.634;Pirapetinga
3151206;2025;17.21725;Pirapora
3539103;2025;2.55319;Pirapora do Bom Jesus
3539202;2025;38.0908;Pirapozinho
4314555;2025;3.22581;Pirapó
4119509;2025;14.97078;Piraquara
1717206;2025;11.64725;Piraquê
3539301;2025;15.79891;Pirassununga
4314605;2025;9.27644;Piratini
3539400;2025;11.20056;Piratininga
4213104;2025;33.23108;Piratuba
3304003;2025;7.5352;Piraí
2924678;2025;4.10397;Piraí do Norte
4119400;2025;7.26686;Piraí do Sul
3151305;2025;7.3046;Piraúba
5217302;2025;22.03953;Pirenópolis
2310951;2025;0.59347;Pires Ferreira
5217401;2025;9.20756;Pires do Rio
2208403;2025;17.91799;Piripiri
2924702;2025;0;Piripá
2924801;2025;14.33121;Piritiba
2511806;2025;12.30425;Pirpirituba
4119608;2025;21.37941;Pitanga
3539509;2025;8.65426;Pitangueiras
4119657;2025;31.59851;Pitangueiras
3151404;2025;20.54795;Pitangui
2511905;2025;4.17299;Pitimbu
1717503;2025;0.61237;Pium
3151503;2025;18.95638;Piumhi
1505635;2025;11.90476;Piçarra
4119103;2025;20.56136;Piên
3204203;2025;16.94522;Piúma
1505650;2025;31.36397;Placas
5217609;2025;20.73006;Planaltina
4119707;2025;20.60844;Planaltina do Paraná
2924900;2025;1.77936;Planaltino
2925006;2025;7.15564;Planalto
3539608;2025;0.64309;Planalto
4119806;2025;47.9259;Planalto
4314704;2025;30.61224;Planalto
4213153;2025;12.5;Planalto Alegre
5106455;2025;0;Planalto da Serra
3151602;2025;5.10986;Planura
3539707;2025;0;Platina
1200385;2025;5.15844;Plácido de Castro
2512002;2025;0;Pocinhos
5106505;2025;4.19874;Poconé
3151909;2025;5.72082;Pocrane
2925204;2025;24.5229;Pojuca
3539905;2025;1.72712;Poloni
2512101;2025;25.54278;Pombal
2611309;2025;9.03459;Pombos
4213203;2025;29.32761;Pomerode
3540002;2025;13.94145;Pompéia
3152006;2025;7.5928;Pompéu
3540101;2025;16.54412;Pongaí
4119905;2025;23.24762;Ponta Grossa
5006606;2025;32.27321;Ponta Porã
1505700;2025;2.91333;Ponta de Pedras
3540200;2025;3.56775;Pontal
5106653;2025;10.52632;Pontal do Araguaia
4119954;2025;28.33572;Pontal do Paraná
5217708;2025;10.38892;Pontalina
3540259;2025;10.35197;Pontalinda
4213302;2025;0.91575;Ponte Alta
1717800;2025;24.47552;Ponte Alta do Bom Jesus
4213351;2025;4.7081;Ponte Alta do Norte
1717909;2025;1.37552;Ponte Alta do Tocantins
5106703;2025;4.65116;Ponte Branca
3152105;2025;20.25624;Ponte Nova
4314787;2025;3.92157;Ponte Preta
4213401;2025;16.27821;Ponte Serrada
3540309;2025;1.67224;Pontes Gestal
5106752;2025;29.70593;Pontes e Lacerda
3204252;2025;27.31278;Ponto Belo
3152131;2025;4.46429;Ponto Chique
2925253;2025;38.97436;Ponto Novo
3152170;2025;11.50628;Ponto dos Volantes
4314779;2025;5.47196;Pontão
3540408;2025;15.19757;Populina
2311009;2025;0.84175;Poranga
3540507;2025;29.73761;Porangaba
5218003;2025;20.0181;Porangatu
3304102;2025;22.26563;Porciúncula
4120002;2025;12.42983;Porecatu
2410207;2025;1.28205;Portalegre
2311108;2025;6.31136;Porteiras
3152204;2025;13.17284;Porteirinha
5218052;2025;11.48106;Porteirão
1505809;2025;1.77587;Portel
5218102;2025;0;Portelândia
2208502;2025;38.91709;Porto
1200807;2025;1.1976;Porto Acre
4314902;2025;53.14591;Porto Alegre
5106778;2025;4.20345;Porto Alegre do Norte
2208551;2025;0;Porto Alegre do Piauí
1718006;2025;3.861;Porto Alegre do Tocantins
4120101;2025;65.56373;Porto Amazonas
4120150;2025;0;Porto Barreiro
4213500;2025;19.62169;Porto Belo
2707305;2025;4.77327;Porto Calvo
5106828;2025;13.06076;Porto Esperidião
5106851;2025;0;Porto Estrela
3540606;2025;20.15174;Porto Feliz
3540705;2025;35.4547;Porto Ferreira
3152303;2025;24.1838;Porto Firme
2109007;2025;8.45561;Porto Franco
1600535;2025;0.25608;Porto Grande
4315008;2025;35.05535;Porto Lucena
4315057;2025;3.03951;Porto Mauá
5006903;2025;9.35454;Porto Murtinho
1718204;2025;13.41489;Porto Nacional
3304110;2025;8.16517;Porto Real
2707503;2025;6.75105;Porto Real do Colégio
4120200;2025;49.18033;Porto Rico
2109056;2025;24.73498;Porto Rico do Maranhão
2925303;2025;17.69593;Porto Seguro
4213609;2025;19.58933;Porto União
1100205;2025;23.50253;Porto Velho
4315073;2025;0;Porto Vera Cruz
4120309;2025;0;Porto Vitória
1200393;2025;1.15741;Porto Walter
4315107;2025;14.50958;Porto Xavier
2805604;2025;5.3068;Porto da Folha
1505908;2025;8.37776;Porto de Moz
2707404;2025;1.43225;Porto de Pedras
2410256;2025;5.07614;Porto do Mangue
5106802;2025;5.13699;Porto dos Gaúchos
4314803;2025;13.89143;Portão
5218300;2025;28.52349;Posse
2311207;2025;46.51163;Potengi
3540754;2025;8.72761;Potim
2925402;2025;3.49854;Potiraguá
3540804;2025;6.40485;Potirendaba
2311231;2025;0;Potiretama
3152402;2025;28.64157;Poté
3152501;2025;16.42798;Pouso Alegre
3152600;2025;2.84225;Pouso Alto
4315131;2025;0;Pouso Novo
4213708;2025;5.80301;Pouso Redondo
5107008;2025;9.15702;Poxoréu
3539806;2025;27.3848;Poá
2410108;2025;6.07287;Poço Branco
2512036;2025;0;Poço Dantas
3151701;2025;20.97349;Poço Fundo
2805406;2025;7.04225;Poço Redondo
2805505;2025;8.92099;Poço Verde
4314753;2025;2.22717;Poço das Antas
2707206;2025;0;Poço das Trincheiras
2512077;2025;9.89011;Poço de José de Moura
3151800;2025;28.38227;Poços de Caldas
2611200;2025;4.71143;Poção
2108900;2025;18.75;Poção de Pedras
2925105;2025;19.24543;Poções
3540853;2025;1.91571;Pracinha
1600550;2025;0;Pracuúba
2925501;2025;6.71892;Prado
4120333;2025;1.06045;Prado Ferreira
3152709;2025;4.89956;Prados
3540903;2025;8.0317;Pradópolis
3541000;2025;24.90201;Praia Grande
4213807;2025;21.24431;Praia Grande
1718303;2025;13.02083;Praia Norte
1506005;2025;1.8622;Prainha
4120358;2025;10.12018;Pranchita
2512200;2025;8.62069;Prata
3152808;2025;8.75126;Prata
2208601;2025;0;Prata do Piauí
3153004;2025;4.86618;Pratinha
3152907;2025;8.09171;Pratápolis
3541059;2025;2.5413;Pratânia
3541109;2025;2.80505;Presidente Alves
3153103;2025;0;Presidente Bernardes
3541208;2025;7.53425;Presidente Bernardes
4213906;2025;35.62945;Presidente Castello Branco
4120408;2025;5.12821;Presidente Castelo Branco
2109106;2025;31.95137;Presidente Dutra
2925600;2025;0;Presidente Dutra
3541307;2025;13.18429;Presidente Epitácio
1303536;2025;2.41801;Presidente Figueiredo
4214003;2025;9.4552;Presidente Getúlio
2109205;2025;0;Presidente Juscelino
3153202;2025;1.81488;Presidente Juscelino
2925709;2025;0.95694;Presidente Jânio Quadros
1718402;2025;7.73196;Presidente Kennedy
3204302;2025;13.31853;Presidente Kennedy
3153301;2025;0;Presidente Kubitschek
4315149;2025;1.0627;Presidente Lucena
1100254;2025;8.93921;Presidente Médici
2109239;2025;1.48148;Presidente Médici
4214102;2025;11.44165;Presidente Nereu
3153400;2025;9.684;Presidente Olegário
3541406;2025;31.21763;Presidente Prudente
2109270;2025;8.13008;Presidente Sarney
2925758;2025;16.53283;Presidente Tancredo Neves
2109304;2025;2.13751;Presidente Vargas
3541505;2025;19.87534;Presidente Venceslau
1506104;2025;0;Primavera
2611408;2025;1.47384;Primavera
1101476;2025;0;Primavera de Rondônia
5107040;2025;18.28434;Primavera do Leste
2109403;2025;0;Primeira Cruz
4120507;2025;39.21569;Primeiro de Maio
4214151;2025;4.5819;Princesa
2512309;2025;19.67709;Princesa Isabel
5218391;2025;0;Professor Jamil
4315156;2025;12.92597;Progresso
3541604;2025;4.24132;Promissão
2805703;2025;29.16945;Propriá
4315172;2025;5.24934;Protásio Alves
3153608;2025;0.98135;Prudente de Morais
4120606;2025;15.40259;Prudentópolis
1718451;2025;1.86916;Pugmil
2410405;2025;13.7931;Pureza
4315206;2025;253.47759;Putinga
2512408;2025;2.06897;Puxinanã
2706406;2025;5.08536;Pão de Açúcar
2924058;2025;13.73896;Pé de Serra
4118907;2025;25.31646;Pérola
4119004;2025;16.01602;Pérola d'Oeste
3541653;2025;9.1623;Quadra
4315305;2025;13.55556;Quaraí
3153707;2025;3.47222;Quartel Geral
4120655;2025;5.43478;Quarto Centenário
4120705;2025;9.70285;Quatiguá
1506112;2025;0;Quatipuru
3304128;2025;5.08721;Quatis
4120804;2025;4.32003;Quatro Barras
4315313;2025;0;Quatro Irmãos
4120853;2025;15.26211;Quatro Pontes
3541703;2025;9.79083;Quatá
2707602;2025;1.50716;Quebrangulo
4120903;2025;25.71888;Quedas do Iguaçu
2208650;2025;15.38462;Queimada Nova
2512507;2025;18.11354;Queimadas
2925808;2025;9.01607;Queimadas
3304144;2025;35.40039;Queimados
3541802;2025;1.38169;Queiroz
3541901;2025;14.37556;Queluz
3153806;2025;0;Queluzito
5107065;2025;15.72044;Querência
4121000;2025;8.60357;Querência do Norte
4315321;2025;6.74157;Quevedos
2925907;2025;5.63777;Quijingue
4214201;2025;10.67184;Quilombo
4121109;2025;11.65501;Quinta do Sol
3542008;2025;0.58275;Quintana
4315354;2025;7.9096;Quinze de Novembro
2611507;2025;8.64553;Quipapá
5218508;2025;12.88538;Quirinópolis
3304151;2025;19.48693;Quissamã
4121208;2025;6.41026;Quitandinha
2311264;2025;1.11566;Quiterianópolis
2611533;2025;8.3682;Quixaba
2925931;2025;1.83599;Quixabeira
2512606;2025;0;Quixabá
2311306;2025;16.94366;Quixadá
2311355;2025;6.95894;Quixelô
2311405;2025;9.12716;Quixeramobim
2311504;2025;11.30937;Quixeré
2410504;2025;36.58537;Rafael Fernandes
2410603;2025;0;Rafael Godeiro
2925956;2025;10.62699;Rafael Jambeiro
3542107;2025;2.23714;Rafard
4121257;2025;14.89362;Ramilândia
3542206;2025;11.24267;Rancharia
4121307;2025;3.80952;Rancho Alegre
4121356;2025;4.28266;Rancho Alegre D'Oeste
4214300;2025;2.33645;Rancho Queimado
2109452;2025;4.21209;Raposa
3153905;2025;16.46091;Raposos
3154002;2025;19.06917;Raul Soares
4121406;2025;27.11864;Realeza
4121505;2025;12.85898;Rebouças
2611606;2025;36.10924;Recife
3154101;2025;15.96114;Recreio
1718501;2025;0;Recursolândia
4315404;2025;10.54018;Redentora
1506138;2025;20.40998;Redenção
2311603;2025;19.58346;Redenção
3542305;2025;6.5445;Redenção da Serra
2208700;2025;0;Redenção do Gurguéia
3154150;2025;4.69484;Reduto
2208809;2025;31.06212;Regeneração
3542404;2025;23.92344;Regente Feijó
3542503;2025;9.13621;Reginópolis
3542602;2025;12.2294;Registro
4315453;2025;0;Relvado
2926004;2025;11.41686;Remanso
2512705;2025;6.48148;Remígio
4121604;2025;1.87149;Renascença
2311702;2025;12.83317;Reriutaba
3304201;2025;20.84749;Resende
3154200;2025;16.04938;Resende Costa
4121703;2025;9.56406;Reserva
5107156;2025;9.61538;Reserva do Cabaçal
4121752;2025;5.08475;Reserva do Iguaçu
3154309;2025;17.35849;Resplendor
3154408;2025;0;Ressaquinha
3542701;2025;3.65344;Restinga
4315503;2025;47.82745;Restinga Sêca
2926103;2025;6.01892;Retirolândia
1718550;2025;5.30504;Riachinho
3154457;2025;1.12486;Riachinho
2208858;2025;0;Riacho Frio
2410702;2025;0;Riacho da Cruz
2611705;2025;3.43053;Riacho das Almas
2410801;2025;5.91716;Riacho de Santana
2926400;2025;12.61967;Riacho de Santana
2512788;2025;3.72439;Riacho de Santo Antônio
2512804;2025;5.28169;Riacho dos Cavalos
3154507;2025;0.63331;Riacho dos Machados
2410900;2025;0;Riachuelo
2805901;2025;3.58637;Riachuelo
2109502;2025;100.85227;Riachão
2512747;2025;0;Riachão
2926202;2025;4.66636;Riachão das Neves
2512754;2025;0;Riachão do Bacamarte
2805802;2025;9.91326;Riachão do Dantas
2926301;2025;9.12218;Riachão do Jacuípe
2512762;2025;0;Riachão do Poço
5218607;2025;54.49251;Rialma
5218706;2025;17.54386;Rianápolis
2109551;2025;7.8637;Ribamar Fiquene
5007109;2025;4.34164;Ribas do Rio Pardo
3542800;2025;0;Ribeira
2926509;2025;0;Ribeira do Amparo
2208874;2025;0;Ribeira do Piauí
2926608;2025;35.98607;Ribeira do Pombal
2208908;2025;1.55159;Ribeiro Gonçalves
2611804;2025;9.07663;Ribeirão
3542909;2025;6.94952;Ribeirão Bonito
3543006;2025;7.70457;Ribeirão Branco
5107180;2025;10.25641;Ribeirão Cascalheira
4121802;2025;13.7629;Ribeirão Claro
3543105;2025;3.17125;Ribeirão Corrente
3543253;2025;10.15228;Ribeirão Grande
3543303;2025;18.08158;Ribeirão Pires
3543402;2025;42.59407;Ribeirão Preto
3154705;2025;4.43656;Ribeirão Vermelho
3154606;2025;13.82477;Ribeirão das Neves
2926657;2025;6.51466;Ribeirão do Largo
4121901;2025;10.31434;Ribeirão do Pinhal
3543204;2025;46.74047;Ribeirão do Sul
3543238;2025;0;Ribeirão dos Índios
5107198;2025;35.34304;Ribeirãozinho
2806008;2025;19.85112;Ribeirópolis
3543600;2025;45.45455;Rifaina
3543709;2025;1.70455;Rincão
3543808;2025;1.2959;Rinópolis
3154804;2025;13.7817;Rio Acima
4122008;2025;8.51582;Rio Azul
3204351;2025;18.80567;Rio Bananal
4122107;2025;0;Rio Bom
3304300;2025;20.91905;Rio Bonito
4122156;2025;11.97183;Rio Bonito do Iguaçu
1200401;2025;18.79212;Rio Branco
5107206;2025;9.88701;Rio Branco
4122172;2025;15.82278;Rio Branco do Ivaí
4122206;2025;5.53787;Rio Branco do Sul
5007208;2025;10.79513;Rio Brilhante
3154903;2025;8.24063;Rio Casca
3304409;2025;4.38005;Rio Claro
3543907;2025;18.66641;Rio Claro
1100262;2025;3.1348;Rio Crespo
3155009;2025;1.87617;Rio Doce
3155207;2025;19.76285;Rio Espera
2611903;2025;1.05918;Rio Formoso
4214904;2025;55.33063;Rio Fortuna
4315602;2025;18.44988;Rio Grande
3544103;2025;16.89628;Rio Grande da Serra
2209005;2025;13.96648;Rio Grande do Piauí
2707701;2025;6.93675;Rio Largo
3155306;2025;1.51976;Rio Manso
1506161;2025;24.1233;Rio Maria
4215000;2025;25.14645;Rio Negrinho
4122305;2025;10.69773;Rio Negro
5007307;2025;11.17799;Rio Negro
3155405;2025;17.33649;Rio Novo
3204401;2025;10.99505;Rio Novo do Sul
3155504;2025;7.87983;Rio Paranaíba
4315701;2025;57.64499;Rio Pardo
3155603;2025;18.36158;Rio Pardo de Minas
3155702;2025;1.92308;Rio Piracicaba
3155801;2025;36.26562;Rio Pomba
3155900;2025;5.14801;Rio Preto
1303569;2025;34.79789;Rio Preto da Eva
5218789;2025;10.10813;Rio Quente
2927002;2025;8.90411;Rio Real
4215059;2025;1.73611;Rio Rufino
1718758;2025;7.1599;Rio Sono
2512903;2025;15.18667;Rio Tinto
5218805;2025;21.49483;Rio Verde
5007406;2025;30.44833;Rio Verde de Mato Grosso
3156007;2025;4.0858;Rio Vermelho
1718659;2025;0;Rio da Conceição
4214409;2025;10.10739;Rio das Antas
3304508;2025;1.3238;Rio das Flores
3304524;2025;25.89822;Rio das Ostras
3544004;2025;7.31782;Rio das Pedras
2926707;2025;9.90991;Rio de Contas
3304557;2025;43.53073;Rio de Janeiro
2926806;2025;2.36967;Rio do Antônio
4214508;2025;8.35232;Rio do Campo
2408953;2025;0;Rio do Fogo
4214607;2025;5.60538;Rio do Oeste
2926905;2025;8.76494;Rio do Pires
3155108;2025;2.57732;Rio do Prado
4214805;2025;64.05904;Rio do Sul
1718709;2025;0;Rio dos Bois
4214706;2025;7.87802;Rio dos Cedros
4315552;2025;3.53357;Rio dos Índios
3544202;2025;5.48546;Riolândia
4315750;2025;2.60756;Riozinho
4215075;2025;6.78952;Riqueza
3156106;2025;1.15207;Ritápolis
3543501;2025;0;Riversul
4315800;2025;14.56311;Roca Sales
5007505;2025;0.46882;Rochedo
3156205;2025;12.34568;Rochedo de Minas
4215109;2025;4.40529;Rodeio
4315909;2025;13.64113;Rodeio Bonito
3156304;2025;2.35803;Rodeiro
2927101;2025;4.58716;Rodelas
2411007;2025;0;Rodolfo Fernandes
1200427;2025;1.20846;Rodrigues Alves
4315958;2025;0;Rolador
4316006;2025;10.03717;Rolante
1100288;2025;43.1754;Rolim de Moura
4122404;2025;11.73074;Rolândia
3156403;2025;0.96339;Romaria
4215208;2025;18.01802;Romelândia
4122503;2025;31.14187;Roncador
4316105;2025;30.1353;Ronda Alta
4316204;2025;7.89474;Rondinha
5107578;2025;1.10865;Rondolândia
4122602;2025;3.42015;Rondon
1506187;2025;9.04194;Rondon do Pará
5107602;2025;22.69902;Rondonópolis
4316303;2025;15.76577;Roque Gonzales
1400472;2025;10.87579;Rorainópolis
3544251;2025;14.8423;Rosana
3544301;2025;1.72176;Roseira
2109601;2025;14.5787;Rosário
5107701;2025;34.40367;Rosário Oeste
3156452;2025;21.48997;Rosário da Limeira
2806107;2025;0.82406;Rosário do Catete
4122651;2025;3.85604;Rosário do Ivaí
4316402;2025;14.8448;Rosário do Sul
2707800;2025;7.5;Roteiro
3156502;2025;0;Rubelita
5218904;2025;9.9492;Rubiataba
3156601;2025;2.24467;Rubim
3544509;2025;2.49066;Rubinéia
3544400;2025;39.58333;Rubiácea
1506195;2025;16.59989;Rurópolis
2311801;2025;18.76847;Russas
2411106;2025;0;Ruy Barbosa
2927200;2025;7.18608;Ruy Barbosa
3156700;2025;7.3335;Sabará
3544608;2025;1.32275;Sabino
3156809;2025;18.19184;Sabinópolis
2311900;2025;0.40258;Saboeiro
4122701;2025;8.2038;Sabáudia
3156908;2025;12.14372;Sacramento
4316428;2025;11.7096;Sagrada Família
3544707;2025;0;Sagres
2612000;2025;0.57208;Sairé
4316436;2025;13.18267;Saldanha Marinho
3544806;2025;74.5614;Sales
3544905;2025;5.01179;Sales Oliveira
3545001;2025;4.14766;Salesópolis
4215307;2025;4.84066;Salete
2513000;2025;16.72241;Salgadinho
2612109;2025;2.56739;Salgadinho
2806206;2025;21.36752;Salgado
4122800;2025;12.19512;Salgado Filho
2513109;2025;4.21585;Salgado de São Félix
2612208;2025;24.37312;Salgueiro
3157005;2025;12.28643;Salinas
2927309;2025;12;Salinas da Margarida
1506203;2025;11.14161;Salinópolis
2311959;2025;4.7631;Salitre
3545100;2025;0;Salmourão
2612307;2025;38.54626;Saloá
3545159;2025;25.06596;Saltinho
4215356;2025;3.1746;Saltinho
3545209;2025;19.98944;Salto
3545407;2025;7.76915;Salto Grande
4215406;2025;35.05355;Salto Veloso
3157104;2025;10.68702;Salto da Divisa
3545308;2025;18.94619;Salto de Pirapora
5107750;2025;6.79117;Salto do Céu
4122909;2025;14.56954;Salto do Itararé
4316451;2025;19.91828;Salto do Jacuí
4123006;2025;18.95136;Salto do Lontra
2927408;2025;26.66619;Salvador
4316477;2025;0;Salvador das Missões
4316501;2025;8.64337;Salvador do Sul
1506302;2025;2.52313;Salvaterra
2109700;2025;0;Sambaíba
1718808;2025;0;Sampaio
4316600;2025;22.8002;Sananduva
5219001;2025;50.34722;Sanclerlândia
1718840;2025;4.70588;Sandolândia
3545506;2025;0;Sandovalina
4215455;2025;2.59981;Sangão
2612406;2025;19.72686;Sanharó
4317103;2025;19.11782;Sant'Ana do Livramento
3545605;2025;9.75196;Santa Adélia
3545704;2025;5.13479;Santa Albertina
4123105;2025;2.25734;Santa Amélia
3546009;2025;0.78771;Santa Branca
2927606;2025;2.45298;Santa Brígida
2927507;2025;4.33135;Santa Bárbara
3157203;2025;17.32157;Santa Bárbara
3545803;2025;17.9167;Santa Bárbara d'Oeste
5219100;2025;18.27243;Santa Bárbara de Goiás
3157252;2025;33.37969;Santa Bárbara do Leste
3157278;2025;0;Santa Bárbara do Monte Verde
1506351;2025;9.04826;Santa Bárbara do Pará
4316709;2025;8.81057;Santa Bárbara do Sul
3157302;2025;29.33333;Santa Bárbara do Tugúrio
5107248;2025;25.28978;Santa Carmem
2513158;2025;1.91939;Santa Cecília
4215505;2025;7.40607;Santa Cecília
4123204;2025;3.7037;Santa Cecília do Pavão
4316733;2025;0;Santa Cecília do Sul
3546108;2025;9.54654;Santa Clara d'Oeste
4316758;2025;6.71423;Santa Clara do Sul
2411205;2025;36.62779;Santa Cruz
2513208;2025;4.30108;Santa Cruz
2612455;2025;14.0056;Santa Cruz
2927705;2025;6.01879;Santa Cruz Cabrália
2612471;2025;10.97046;Santa Cruz da Baixa Verde
3546207;2025;5.17751;Santa Cruz da Conceição
3546256;2025;0;Santa Cruz da Esperança
2927804;2025;9.01804;Santa Cruz da Vitória
3546306;2025;14.76912;Santa Cruz das Palmeiras
5219209;2025;1.70648;Santa Cruz de Goiás
3157336;2025;18.73199;Santa Cruz de Minas
4123303;2025;12.12508;Santa Cruz de Monte Castelo
3157377;2025;14.45087;Santa Cruz de Salinas
1506401;2025;0;Santa Cruz do Arari
2612505;2025;25.1579;Santa Cruz do Capibaribe
3157401;2025;1.75439;Santa Cruz do Escalvado
2209104;2025;8.11688;Santa Cruz do Piauí
3546405;2025;23.22616;Santa Cruz do Rio Pardo
4316808;2025;34.28336;Santa Cruz do Sul
5107743;2025;23.16602;Santa Cruz do Xingu
2209153;2025;0;Santa Cruz dos Milagres
3157500;2025;39.33747;Santa Efigênia de Minas
3546504;2025;2.90276;Santa Ernestina
2209203;2025;0;Santa Filomena
2612554;2025;6.21601;Santa Filomena
2109759;2025;0;Santa Filomena do Maranhão
4123402;2025;39.18964;Santa Fé
5219258;2025;8.90585;Santa Fé de Goiás
3157609;2025;0;Santa Fé de Minas
1718865;2025;3.84986;Santa Fé do Araguaia
3546603;2025;28.70091;Santa Fé do Sul
3546702;2025;4.40885;Santa Gertrudes
2109809;2025;4.46077;Santa Helena
2513307;2025;0;Santa Helena
4123501;2025;23.60185;Santa Helena
4215554;2025;3.61011;Santa Helena
5219308;2025;12.96546;Santa Helena de Goiás
3157658;2025;0;Santa Helena de Minas
2109908;2025;23.27297;Santa Inês
2513356;2025;0;Santa Inês
2927903;2025;5.49451;Santa Inês
4123600;2025;0;Santa Inês
3546801;2025;7.85259;Santa Isabel
5219357;2025;0;Santa Isabel
4123709;2025;20.01251;Santa Isabel do Ivaí
1303601;2025;0;Santa Isabel do Rio Negro
4123808;2025;23.12775;Santa Izabel do Oeste
1506500;2025;2.45169;Santa Izabel do Pará
3157708;2025;4.24757;Santa Juliana
3204500;2025;6.99301;Santa Leopoldina
2209302;2025;1.321;Santa Luz
2110005;2025;6.34596;Santa Luzia
2513406;2025;120.45105;Santa Luzia
2928059;2025;1.03306;Santa Luzia
3157807;2025;10.62628;Santa Luzia
1100296;2025;9.06096;Santa Luzia D'Oeste
2806305;2025;0;Santa Luzia do Itanhy
2707909;2025;1.18483;Santa Luzia do Norte
2110039;2025;5.51364;Santa Luzia do Paruá
1506559;2025;1.50075;Santa Luzia do Pará
3546900;2025;0;Santa Lúcia
4123824;2025;1.52672;Santa Lúcia
3157906;2025;5.83942;Santa Margarida
4316972;2025;0;Santa Margarida do Sul
2409332;2025;6.12245;Santa Maria
4316907;2025;34.45465;Santa Maria
3304607;2025;12.04819;Santa Maria Madalena
2612604;2025;11.27466;Santa Maria da Boa Vista
3547007;2025;15.5642;Santa Maria da Serra
2928109;2025;13.98322;Santa Maria da Vitória
1506583;2025;2.98699;Santa Maria das Barreiras
3158003;2025;13.74113;Santa Maria de Itabira
3204559;2025;11.79619;Santa Maria de Jetibá
2612703;2025;6.0698;Santa Maria do Cambucá
4316956;2025;7.88288;Santa Maria do Herval
4123857;2025;1.60514;Santa Maria do Oeste
1506609;2025;8.84086;Santa Maria do Pará
3158102;2025;1.51057;Santa Maria do Salto
3158201;2025;34.12073;Santa Maria do Suaçuí
1718881;2025;0;Santa Maria do Tocantins
4123907;2025;2.97915;Santa Mariana
3547106;2025;7.37101;Santa Mercedes
4123956;2025;0;Santa Mônica
2312205;2025;6.55671;Santa Quitéria
2110104;2025;1.56495;Santa Quitéria do Maranhão
2110203;2025;14.97903;Santa Rita
2513703;2025;9.5538;Santa Rita
3547403;2025;0;Santa Rita d'Oeste
3159209;2025;2.05058;Santa Rita de Caldas
2928406;2025;4.30802;Santa Rita de Cássia
3159407;2025;0;Santa Rita de Ibitipoca
3159308;2025;27.91878;Santa Rita de Jacutinga
3159357;2025;3.62319;Santa Rita de Minas
5219407;2025;0;Santa Rita do Araguaia
3159506;2025;4.96894;Santa Rita do Itueto
5219456;2025;1.4245;Santa Rita do Novo Destino
5007554;2025;1.54369;Santa Rita do Pardo
3547502;2025;13.36898;Santa Rita do Passa Quatro
3159605;2025;181.04113;Santa Rita do Sapucaí
1718899;2025;7.54148;Santa Rita do Tocantins
5107768;2025;7.01944;Santa Rita do Trivelato
4317202;2025;24.82256;Santa Rosa
3159704;2025;15.51724;Santa Rosa da Serra
5219506;2025;2.14133;Santa Rosa de Goiás
2806503;2025;0;Santa Rosa de Lima
4215604;2025;0;Santa Rosa de Lima
3547601;2025;24.62302;Santa Rosa de Viterbo
2209377;2025;0;Santa Rosa do Piauí
1200435;2025;0;Santa Rosa do Purus
4215653;2025;17.64706;Santa Rosa do Sul
1718907;2025;1.32802;Santa Rosa do Tocantins
3547650;2025;5.76369;Santa Salete
3204609;2025;13.26009;Santa Teresa
2513802;2025;1.98413;Santa Teresinha
2928505;2025;9.85595;Santa Teresinha
4317251;2025;0;Santa Tereza
5219605;2025;0;Santa Tereza de Goiás
4124020;2025;4.75907;Santa Tereza do Oeste
1719004;2025;0;Santa Tereza do Tocantins
2612802;2025;0;Santa Terezinha
4215679;2025;10.37736;Santa Terezinha
5107776;2025;4.21053;Santa Terezinha
5219704;2025;3.07692;Santa Terezinha de Goiás
4124053;2025;33.53238;Santa Terezinha de Itaipu
4215695;2025;0;Santa Terezinha do Progresso
1720002;2025;0;Santa Terezinha do Tocantins
3159803;2025;6.71785;Santa Vitória
4317301;2025;17.13331;Santa Vitória do Palmar
2928000;2025;6.60211;Santaluz
1600600;2025;23.29045;Santana
2928208;2025;6.72721;Santana
4317004;2025;8.99743;Santana da Boa Vista
3547205;2025;0;Santana da Ponte Pensa
3158300;2025;10.49618;Santana da Vargem
3158409;2025;1.99601;Santana de Cataguases
2513505;2025;0;Santana de Mangueira
3547304;2025;86.11852;Santana de Parnaíba
3158508;2025;0;Santana de Pirapama
2312007;2025;9.25497;Santana do Acaraú
1506708;2025;7.52424;Santana do Araguaia
2312106;2025;12.20866;Santana do Cariri
3158607;2025;1.86916;Santana do Deserto
3158706;2025;0;Santana do Garambéu
2708006;2025;14.0605;Santana do Ipanema
4124004;2025;7.46269;Santana do Itararé
3158805;2025;7.95455;Santana do Jacaré
3158904;2025;22.45863;Santana do Manhuaçu
2110237;2025;3.7831;Santana do Maranhão
2411403;2025;0.98425;Santana do Matos
2708105;2025;0.69493;Santana do Mundaú
3158953;2025;4.57143;Santana do Paraíso
2209351;2025;0;Santana do Piauí
3159001;2025;22.24469;Santana do Riacho
2411429;2025;0;Santana do Seridó
2806404;2025;3.59389;Santana do São Francisco
2513604;2025;0;Santana dos Garrotes
3159100;2025;0;Santana dos Montes
2928307;2025;1.5015;Santanópolis
1506807;2025;20.26953;Santarém
1506906;2025;0;Santarém Novo
4317400;2025;25.79303;Santiago
4215687;2025;0;Santiago do Sul
5107263;2025;0;Santo Afonso
2928604;2025;13.59331;Santo Amaro
4215703;2025;106.6366;Santo Amaro da Imperatriz
2806602;2025;19.18977;Santo Amaro das Brotas
2110278;2025;10.74306;Santo Amaro do Maranhão
3547700;2025;10.88292;Santo Anastácio
2513851;2025;0;Santo André
3547809;2025;29.51491;Santo André
2411502;2025;4.00229;Santo Antônio
3547908;2025;0.68493;Santo Antônio da Alegria
5219712;2025;0;Santo Antônio da Barra
4317608;2025;40.88077;Santo Antônio da Patrulha
4124103;2025;31.11899;Santo Antônio da Platina
4317707;2025;22.90951;Santo Antônio das Missões
5219738;2025;72.61725;Santo Antônio de Goiás
2928703;2025;26.41584;Santo Antônio de Jesus
2209401;2025;0;Santo Antônio de Lisboa
3548005;2025;50.98119;Santo Antônio de Posse
3304706;2025;19.85339;Santo Antônio de Pádua
3159902;2025;10.10385;Santo Antônio do Amparo
3548054;2025;5.59963;Santo Antônio do Aracanguá
3160009;2025;0;Santo Antônio do Aventureiro
4124202;2025;2.18818;Santo Antônio do Caiuá
5219753;2025;11.419;Santo Antônio do Descoberto
3160108;2025;5.27009;Santo Antônio do Grama
3160207;2025;0;Santo Antônio do Itambé
1303700;2025;0;Santo Antônio do Içá
3160306;2025;6.38978;Santo Antônio do Jacinto
3548104;2025;13.40283;Santo Antônio do Jardim
5107792;2025;3.94867;Santo Antônio do Leste
5107800;2025;2.46078;Santo Antônio do Leverger
3160405;2025;31.42569;Santo Antônio do Monte
4317558;2025;2.35849;Santo Antônio do Palma
4124301;2025;1.8622;Santo Antônio do Paraíso
3548203;2025;22.86136;Santo Antônio do Pinhal
4317756;2025;0;Santo Antônio do Planalto
3160454;2025;10.07557;Santo Antônio do Retiro
3160504;2025;11.90476;Santo Antônio do Rio Abaixo
4124400;2025;13.23972;Santo Antônio do Sudoeste
1507003;2025;2.27032;Santo Antônio do Tauá
2110302;2025;10.65308;Santo Antônio dos Lopes
2209450;2025;0;Santo Antônio dos Milagres
4317806;2025;21.21128;Santo Augusto
4317905;2025;38.96418;Santo Cristo
2928802;2025;11.28326;Santo Estêvão
3548302;2025;32.71028;Santo Expedito
4317954;2025;6.96864;Santo Expedito do Sul
3160603;2025;0;Santo Hipólito
4124509;2025;2.63264;Santo Inácio
2209500;2025;65.7277;Santo Inácio do Piauí
4317509;2025;31.58305;Santo Ângelo
3548500;2025;25.13271;Santos
3160702;2025;19.5921;Santos Dumont
3548401;2025;1.64745;Santópolis do Aguapeí
2929602;2025;12.8875;Sapeaçu
5107875;2025;9.52868;Sapezal
4319901;2025;21.8491;Sapiranga
4126207;2025;57.86517;Sapopema
1507755;2025;10.15697;Sapucaia
3305406;2025;6.58551;Sapucaia
4320008;2025;13.62227;Sapucaia do Sul
3165404;2025;110.09732;Sapucaí-Mirim
2515302;2025;4.67775;Sapé
3305505;2025;37.53722;Saquarema
4126256;2025;27.8446;Sarandi
4320107;2025;20.03961;Sarandi
3551108;2025;13.32373;Sarapuí
3165503;2025;26.03369;Sardoá
3551207;2025;0;Sarutaiá
3165537;2025;2.6501;Sarzedo
2708907;2025;14.59144;Satuba
2111722;2025;5.00835;Satubinha
2929750;2025;19.24051;Saubara
4126272;2025;15.58442;Saudade do Iguaçu
4217303;2025;6.85572;Saudades
2929800;2025;4.39883;Saúde
4217402;2025;13.54187;Schroeder
2929909;2025;15.82278;Seabra
4217501;2025;9.40779;Seara
3551306;2025;0;Sebastianópolis do Sul
2210623;2025;0;Sebastião Barros
2930006;2025;0;Sebastião Laranjeiras
2210631;2025;0;Sebastião Leal
4320206;2025;12.66366;Seberi
4320230;2025;9.45626;Sede Nova
4320263;2025;24.57467;Segredo
4320305;2025;3.4662;Selbach
5007802;2025;6.87758;Selvíria
3165560;2025;0;Sem-Peixe
1200500;2025;16.19048;Sena Madureira
2111748;2025;31.25;Senador Alexandre Costa
3165578;2025;5.81879;Senador Amaral
5220454;2025;11.54223;Senador Canedo
3165602;2025;0;Senador Cortes
2413102;2025;0;Senador Elói de Souza
3165701;2025;32.58145;Senador Firmino
2413201;2025;27.56892;Senador Georgino Avelino
1200450;2025;3.99102;Senador Guiomard
3165800;2025;0;Senador José Bento
1507805;2025;34.83146;Senador José Porfírio
2111763;2025;0;Senador La Rocque
3165909;2025;0;Senador Modestino Gonçalves
2312700;2025;32.03593;Senador Pompeu
2708956;2025;0;Senador Rui Palmeira
4320321;2025;5.10204;Senador Salgado Filho
2312809;2025;73.28072;Senador Sá
4126306;2025;5.75067;Sengés
2930105;2025;28.51638;Senhor do Bonfim
3166006;2025;33.54633;Senhora de Oliveira
3166105;2025;0;Senhora do Porto
3166204;2025;30.82192;Senhora dos Remédios
4320354;2025;1.19048;Sentinela do Sul
2930204;2025;6.44438;Sento Sé
4320404;2025;18.3656;Serafina Corrêa
3166303;2025;4.65116;Sericita
1101500;2025;15.844;Seringueiras
3166402;2025;17.54386;Seritinga
3305554;2025;7.93048;Seropédica
3205002;2025;15.31571;Serra
4217550;2025;12.13592;Serra Alta
3551405;2025;6.51702;Serra Azul
3166501;2025;0;Serra Azul de Minas
2515500;2025;16.86446;Serra Branca
2410306;2025;12.8866;Serra Caiada
2930303;2025;7.47664;Serra Dourada
2515708;2025;0;Serra Grande
3551603;2025;16.71309;Serra Negra
2413409;2025;0.70721;Serra Negra do Norte
5107883;2025;0;Serra Nova Dourada
2930402;2025;0.74294;Serra Preta
2515807;2025;1.70358;Serra Redonda
2613909;2025;19.37092;Serra Talhada
2515609;2025;0;Serra da Raiz
3166600;2025;0;Serra da Saudade
2413300;2025;72.37814;Serra de São Bento
2413359;2025;13.7836;Serra do Mel
1600055;2025;0;Serra do Navio
2930154;2025;12.14083;Serra do Ramalho
3166808;2025;8.58049;Serra do Salitre
3166709;2025;4.65426;Serra dos Aimorés
3551504;2025;5.80612;Serrana
3166907;2025;5.77617;Serrania
2111789;2025;0;Serrano do Maranhão
3167004;2025;0;Serranos
5220504;2025;2.84394;Serranópolis
3166956;2025;16.26016;Serranópolis de Minas
4126355;2025;1.1976;Serranópolis do Iguaçu
2515906;2025;8.26446;Serraria
2413508;2025;21.97802;Serrinha
2930501;2025;24.64763;Serrinha
2413557;2025;0;Serrinha dos Pintos
2614006;2025;8.49618;Serrita
3167103;2025;4.29185;Serro
2930600;2025;10.78838;Serrolândia
4126405;2025;13.72213;Sertaneja
4126504;2025;5.76208;Sertanópolis
2614105;2025;11.72466;Sertânia
4320503;2025;1.15207;Sertão
4320552;2025;6.87623;Sertão Santana
2515930;2025;0;Sertãozinho
3551702;2025;11.09204;Sertãozinho
3551801;2025;3.07557;Sete Barras
3167202;2025;17.71426;Sete Lagoas
5007703;2025;7.61035;Sete Quedas
4320578;2025;0;Sete de Setembro
3165552;2025;4.92611;Setubinha
2413607;2025;38.68472;Severiano Melo
4320602;2025;6.94444;Severiano de Almeida
3551900;2025;8.5592;Severínia
4217600;2025;8.03859;Siderópolis
5007901;2025;11.50818;Sidrolândia
2210656;2025;0;Sigefredo Pacheco
3305604;2025;4.20259;Silva Jardim
1720655;2025;4.14079;Silvanópolis
4320651;2025;0;Silveira Martins
3552007;2025;6.31579;Silveiras
3167301;2025;0;Silveirânia
1304005;2025;0;Silves
3167400;2025;10.51525;Silvianópolis
5220603;2025;23.48454;Silvânia
5220686;2025;2.75482;Simolândia
3167608;2025;20.81665;Simonésia
2210805;2025;18.38235;Simplício Mendes
2807105;2025;22.37762;Simão Dias
3167509;2025;0;Simão Pereira
2210706;2025;8.34202;Simões
2930709;2025;23.71928;Simões Filho
4320677;2025;1.04275;Sinimbu
5107909;2025;47.85473;Sinop
4126603;2025;10.75;Siqueira Campos
2614204;2025;2.92018;Sirinhaém
2807204;2025;2.33645;Siriri
2930774;2025;91.09731;Sobradinho
4320701;2025;26.95902;Sobradinho
2515971;2025;3.2538;Sobrado
2312908;2025;17.87295;Sobral
3167707;2025;0;Sobrália
3552106;2025;24.42173;Socorro
2210904;2025;5.90842;Socorro do Piauí
2516102;2025;7.09485;Soledade
4320800;2025;72.43015;Soledade
3167806;2025;14.23027;Soledade de Minas
2614402;2025;4.65116;Solidão
2313005;2025;9.57632;Solonópole
2516003;2025;33.49475;Solânea
4217709;2025;22.48258;Sombrio
5007935;2025;7.87402;Sonora
3205010;2025;6.59534;Sooretama
3552205;2025;32.74678;Sorocaba
5107925;2025;28.74587;Sorriso
2516151;2025;6.62252;Sossêgo
1507904;2025;3.89819;Soure
2516201;2025;22.37685;Sousa
2930808;2025;5.56328;Souto Soares
1720853;2025;0;Sucupira
2111904;2025;13.9417;Sucupira do Norte
2111953;2025;4.03226;Sucupira do Riachão
3552304;2025;7.11054;Sud Mennucci
4217758;2025;2.34742;Sul Brasil
4126652;2025;9.50872;Sulina
3552403;2025;17.72692;Sumaré
3305703;2025;30.53116;Sumidouro
2516300;2025;31.64942;Sumé
2614501;2025;25.21845;Surubim
2210938;2025;14.08451;Sussuapara
3552502;2025;17.16111;Suzano
3552551;2025;0.90253;Suzanápolis
2929701;2025;4.61716;Sátiro Dias
2312304;2025;34.08426;São Benedito
2110401;2025;0;São Benedito do Rio Preto
2612901;2025;0.87566;São Benedito do Sul
2513927;2025;0;São Bentinho
2110500;2025;25.29511;São Bento
2513901;2025;11.42718;São Bento
3160801;2025;9.52381;São Bento Abade
2411601;2025;0;São Bento do Norte
3548609;2025;9.86193;São Bento do Sapucaí
4215802;2025;24.83613;São Bento do Sul
1720101;2025;0;São Bento do Tocantins
2411700;2025;0;São Bento do Trairí
2613008;2025;5.01425;São Bento do Una
4215752;2025;13.42282;São Bernardino
2110609;2025;4.47678;São Bernardo
3548708;2025;25.80609;São Bernardo do Campo
4215901;2025;0;São Bonifácio
4318002;2025;14.04125;São Borja
2209559;2025;3.20513;São Braz do Piauí
2708204;2025;0;São Brás
3160900;2025;2.98805;São Brás do Suaçuí
2613107;2025;11.84016;São Caetano
1507102;2025;1.24844;São Caetano de Odivelas
3548807;2025;30.85399;São Caetano do Sul
3548906;2025;42.52308;São Carlos
4216008;2025;26.25751;São Carlos
4124608;2025;3.65798;São Carlos do Ivaí
4216057;2025;1.03896;São Cristovão do Sul
2806701;2025;37.75291;São Cristóvão
2928901;2025;1.0396;São Desidério
2513968;2025;0;São Domingos
2806800;2025;5.13875;São Domingos
2928950;2025;3.38983;São Domingos
4216107;2025;11.65872;São Domingos
5219803;2025;3.39751;São Domingos
3160959;2025;1.23609;São Domingos das Dores
1507151;2025;5.81395;São Domingos do Araguaia
2110658;2025;8.43486;São Domingos do Azeitão
1507201;2025;3.63156;São Domingos do Capim
2513943;2025;0;São Domingos do Cariri
2110708;2025;10.41667;São Domingos do Maranhão
3204658;2025;2.7416;São Domingos do Norte
3161007;2025;10.57828;São Domingos do Prata
4318051;2025;3.71747;São Domingos do Sul
2929107;2025;29.5203;São Felipe
1101484;2025;7.27802;São Felipe D'Oeste
2411809;2025;4.86224;São Fernando
3304805;2025;19.32543;São Fidélis
2513984;2025;0;São Francisco
2806909;2025;0;São Francisco
3161106;2025;13.6316;São Francisco
3549003;2025;0;São Francisco
4318101;2025;18.59058;São Francisco de Assis
2209658;2025;0;São Francisco de Assis do Piauí
5219902;2025;4.35161;São Francisco de Goiás
3304755;2025;53.04248;São Francisco de Itabapoana
3161205;2025;5.95745;São Francisco de Paula
4318200;2025;7.8177;São Francisco de Paula
3161304;2025;37.33122;São Francisco de Sales
2110856;2025;3.26087;São Francisco do Brejão
2929206;2025;6.53851;São Francisco do Conde
3161403;2025;0;São Francisco do Glória
1101492;2025;20.69504;São Francisco do Guaporé
2110906;2025;8.83392;São Francisco do Maranhão
2411908;2025;0;São Francisco do Oeste
1507409;2025;0.47687;São Francisco do Pará
2209708;2025;5.29101;São Francisco do Piauí
4216206;2025;12.8396;São Francisco do Sul
2929008;2025;4.32099;São Félix
2110807;2025;0;São Félix de Balsas
3161056;2025;0;São Félix de Minas
5107859;2025;4.3153;São Félix do Araguaia
2929057;2025;19.27475;São Félix do Coribe
2209609;2025;0;São Félix do Piauí
1720150;2025;0;São Félix do Tocantins
1507300;2025;12.56777;São Félix do Xingu
2929255;2025;24.68354;São Gabriel
4318309;2025;20.75558;São Gabriel
1303809;2025;1.42248;São Gabriel da Cachoeira
3204708;2025;31.87374;São Gabriel da Palha
5007695;2025;10.14595;São Gabriel do Oeste
3161502;2025;14.45178;São Geraldo
3161601;2025;24.12869;São Geraldo da Piedade
1507458;2025;11.63873;São Geraldo do Araguaia
3161650;2025;0;São Geraldo do Baixio
3304904;2025;21.42942;São Gonçalo
3161700;2025;0;São Gonçalo do Abaeté
2312403;2025;6.77806;São Gonçalo do Amarante
2412005;2025;10.16589;São Gonçalo do Amarante
2209757;2025;0;São Gonçalo do Gurguéia
3161809;2025;11.69591;São Gonçalo do Pará
2209807;2025;58.60806;São Gonçalo do Piauí
3161908;2025;5.8416;São Gonçalo do Rio Abaixo
3125507;2025;0;São Gonçalo do Rio Preto
3162005;2025;8.03517;São Gonçalo do Sapucaí
2929305;2025;14.54869;São Gonçalo dos Campos
3162104;2025;17.11281;São Gotardo
4318408;2025;3.42589;São Jerônimo
4124707;2025;4.22654;São Jerônimo da Serra
4216503;2025;14.45639;São Joaquim
3549409;2025;15.95308;São Joaquim da Barra
3162922;2025;3.68354;São Joaquim de Bicas
2613305;2025;11.50203;São Joaquim do Monte
4318440;2025;2.15983;São Jorge
4125209;2025;17.43772;São Jorge d'Oeste
4125308;2025;16.51376;São Jorge do Ivaí
4125357;2025;7.35294;São Jorge do Patrocínio
4216602;2025;57.68526;São José
3162948;2025;2.31884;São José da Barra
3549508;2025;7.97166;São José da Bela Vista
4125407;2025;20.26222;São José da Boa Vista
2613404;2025;2.62536;São José da Coroa Grande
2514206;2025;3.7037;São José da Lagoa Tapada
2708303;2025;5.81829;São José da Laje
3162955;2025;4.06032;São José da Lapa
3163003;2025;16.82243;São José da Safira
2708402;2025;7.78894;São José da Tapera
3163102;2025;0;São José da Varginha
2929354;2025;15.38462;São José da Vitória
4318457;2025;0;São José das Missões
4125456;2025;5.42495;São José das Palmeiras
2514305;2025;0;São José de Caiana
2514404;2025;0;São José de Espinharas
2412203;2025;12.92064;São José de Mipibu
2514503;2025;8.16993;São José de Piranhas
2514552;2025;0;São José de Princesa
2111201;2025;21.75751;São José de Ribamar
3305133;2025;4.7356;São José de Ubá
3163201;2025;17.01323;São José do Alegre
3549607;2025;0;São José do Barreiro
2613503;2025;10.91486;São José do Belmonte
2514602;2025;0;São José do Bonfim
2514651;2025;0;São José do Brejo do Cruz
3204807;2025;12.34568;São José do Calçado
2412302;2025;18.24212;São José do Campestre
4216701;2025;20.64147;São José do Cedro
4216800;2025;4.0201;São José do Cerrito
2210052;2025;0;São José do Divino
3163300;2025;6.77201;São José do Divino
2613602;2025;29.58766;São José do Egito
3163409;2025;26.76056;São José do Goiabal
4318465;2025;0;São José do Herval
4318481;2025;3.73483;São José do Hortêncio
4318499;2025;4.561;São José do Inhacorá
3163508;2025;3.55872;São José do Jacuri
2929370;2025;2.64784;São José do Jacuípe
3163607;2025;0;São José do Mantimento
4318507;2025;24.79784;São José do Norte
4318606;2025;29.69732;São José do Ouro
2210102;2025;0;São José do Peixe
2210201;2025;18.27676;São José do Piauí
5107297;2025;2.65957;São José do Povo
5107305;2025;13.60188;São José do Rio Claro
3549706;2025;16.02392;São José do Rio Pardo
3549805;2025;45.77154;São José do Rio Preto
2514701;2025;6.22407;São José do Sabugi
2412401;2025;0;São José do Seridó
4318614;2025;20.47782;São José do Sul
3305158;2025;21.88962;São José do Vale do Rio Preto
5107354;2025;0.40209;São José do Xingu
4318622;2025;2.76052;São José dos Ausentes
2111250;2025;0;São José dos Basílios
3549904;2025;42.9187;São José dos Campos
2514800;2025;6.77966;São José dos Cordeiros
4125506;2025;20.81755;São José dos Pinhais
5107107;2025;27.86741;São José dos Quatro Marcos
2514453;2025;20.9854;São José dos Ramos
2613206;2025;6.53207;São João
4124806;2025;9.25164;São João
2111003;2025;1.40252;São João Batista
4216305;2025;16.49365;São João Batista
3162203;2025;10.38422;São João Batista do Glória
3162807;2025;30.3186;São João Evangelista
3162906;2025;20.06099;São João Nepomuceno
5220009;2025;46.16805;São João d'Aliança
1400506;2025;6.92042;São João da Baliza
3305000;2025;4.89853;São João da Barra
3549102;2025;19.27369;São João da Boa Vista
2209856;2025;0;São João da Canabrava
2209872;2025;0;São João da Fronteira
3162252;2025;0;São João da Lagoa
3162302;2025;24.32432;São João da Mata
5220058;2025;0;São João da Paraúna
1507466;2025;23.21429;São João da Ponta
3162401;2025;1.01317;São João da Ponte
2209906;2025;10.17812;São João da Serra
4318424;2025;11.65803;São João da Urtiga
2209955;2025;0;São João da Varjota
3549201;2025;11.52738;São João das Duas Pontes
3162450;2025;14.52282;São João das Missões
3549250;2025;0;São João de Iracema
3305109;2025;19.83646;São João de Meriti
1507474;2025;43.58844;São João de Pirabas
3162500;2025;43.29022;São João del Rei
1507508;2025;2.37906;São João do Araguaia
2209971;2025;19.18977;São João do Arraial
4124905;2025;11.68969;São João do Caiuá
2514008;2025;0;São João do Cariri
2111029;2025;0;São João do Carú
4216354;2025;3.49127;São João do Itaperiú
4125001;2025;43.40568;São João do Ivaí
2312502;2025;45.65217;São João do Jaguaribe
3162559;2025;6.92308;São João do Manhuaçu
3162575;2025;4.10256;São João do Manteninha
4216255;2025;23.2816;São João do Oeste
3162609;2025;23.14815;São João do Oriente
3162658;2025;11.66181;São João do Pacuí
2111052;2025;1.68067;São João do Paraíso
3162708;2025;26.03948;São João do Paraíso
3549300;2025;0;São João do Pau d'Alho
2210003;2025;26.14151;São João do Piauí
4318432;2025;52.74972;São João do Polêsine
2500700;2025;30.01133;São João do Rio do Peixe
2412104;2025;0;São João do Sabugi
2111078;2025;1.88324;São João do Soter
4216404;2025;7.46269;São João do Sul
2514107;2025;0;São João do Tigre
4125100;2025;8.69565;São João do Triunfo
2111102;2025;43.09657;São João dos Patos
2210300;2025;4.25532;São Julião
4318705;2025;55.03379;São Leopoldo
3163706;2025;36.24382;São Lourenço
2613701;2025;10.37557;São Lourenço da Mata
3549953;2025;5.91716;São Lourenço da Serra
4216909;2025;16.84063;São Lourenço do Oeste
2210359;2025;5.91716;São Lourenço do Piauí
4318804;2025;22.1568;São Lourenço do Sul
4217006;2025;42.43953;São Ludgero
2210375;2025;0;São Luis do Piauí
1400605;2025;27.06553;São Luiz
4318903;2025;27.32383;São Luiz Gonzaga
5220157;2025;8.33333;São Luiz do Norte
3550001;2025;36.86636;São Luiz do Paraitinga
2111300;2025;15.6252;São Luís
2111409;2025;2.06612;São Luís Gonzaga do Maranhão
5220108;2025;23.59952;São Luís de Montes Belos
2312601;2025;6.43275;São Luís do Curu
2708501;2025;2.3879;São Luís do Quitunde
2514909;2025;3.99467;São Mamede
4125555;2025;1.6;São Manoel do Paraná
3550100;2025;14.04583;São Manuel
4319000;2025;10.7935;São Marcos
4217105;2025;54.45545;São Martinho
4319109;2025;20.42305;São Martinho
4319125;2025;0;São Martinho da Serra
3204906;2025;18.59483;São Mateus
2111508;2025;41.24579;São Mateus do Maranhão
4125605;2025;18.20426;São Mateus do Sul
2412500;2025;43.66029;São Miguel
3550209;2025;10.59105;São Miguel Arcanjo
2210383;2025;0;São Miguel da Baixa Grande
4217154;2025;0;São Miguel da Boa Vista
2929404;2025;48.93617;São Miguel das Matas
4319158;2025;17.90281;São Miguel das Missões
2515005;2025;0;São Miguel de Taipu
2807006;2025;0;São Miguel do Aleixo
3163805;2025;20.90032;São Miguel do Anta
5220207;2025;12.66682;São Miguel do Araguaia
2210391;2025;0;São Miguel do Fidalgo
2412559;2025;3.53513;São Miguel do Gostoso
1507607;2025;7.10109;São Miguel do Guamá
1100320;2025;8.24176;São Miguel do Guaporé
4125704;2025;14.82376;São Miguel do Iguaçu
4217204;2025;28.2167;São Miguel do Oeste
5220264;2025;1.72712;São Miguel do Passa Quatro
2210409;2025;18.24104;São Miguel do Tapuio
1720200;2025;10.83591;São Miguel do Tocantins
2708600;2025;12.85134;São Miguel dos Campos
2708709;2025;14.42495;São Miguel dos Milagres
4319208;2025;4.17537;São Nicolau
5220280;2025;0;São Patrício
3550308;2025;62.22888;São Paulo
4319307;2025;18.53998;São Paulo das Missões
1303908;2025;0;São Paulo de Olivença
2412609;2025;3.77155;São Paulo do Potengi
2412708;2025;0;São Pedro
3550407;2025;42.97961;São Pedro
3305208;2025;19.55873;São Pedro da Aldeia
5107404;2025;27.91878;São Pedro da Cipa
4319356;2025;16.12903;São Pedro da Serra
3163904;2025;5.76369;São Pedro da União
2111532;2025;3.125;São Pedro da Água Branca
4319364;2025;6.77966;São Pedro das Missões
4217253;2025;3.01811;São Pedro de Alcântara
4319372;2025;36.34232;São Pedro do Butiá
4125753;2025;0;São Pedro do Iguaçu
4125803;2025;5.71931;São Pedro do Ivaí
4125902;2025;16.39344;São Pedro do Paraná
2210508;2025;3.58423;São Pedro do Piauí
3164100;2025;0;São Pedro do Suaçuí
4319406;2025;24.51768;São Pedro do Sul
3550506;2025;0;São Pedro do Turvo
2111573;2025;10.20408;São Pedro dos Crentes
3164001;2025;3.21802;São Pedro dos Ferros
2412807;2025;0;São Rafael
2210607;2025;33.90688;São Raimundo Nonato
2111607;2025;13.20132;São Raimundo das Mangabeiras
2111631;2025;0;São Raimundo do Doca Bezerra
2111672;2025;0;São Roberto
3164209;2025;9.06618;São Romão
3550605;2025;12.5562;São Roque
3164308;2025;6.70795;São Roque de Minas
3204955;2025;20.27346;São Roque do Canaã
1720259;2025;6.83761;São Salvador do Tocantins
2708808;2025;37.49517;São Sebastião
3550704;2025;13.51675;São Sebastião
4126009;2025;7.19823;São Sebastião da Amoreira
3164407;2025;1.74064;São Sebastião da Bela Vista
1507706;2025;0.92937;São Sebastião da Boa Vista
3550803;2025;32.46534;São Sebastião da Grama
3164431;2025;9.68523;São Sebastião da Vargem Alegre
2515104;2025;13.34604;São Sebastião de Lagoa de Roça
3305307;2025;4.19874;São Sebastião do Alto
3164472;2025;1.76367;São Sebastião do Anta
4319505;2025;12.62123;São Sebastião do Caí
3164506;2025;4.7619;São Sebastião do Maranhão
3164605;2025;6.42887;São Sebastião do Oeste
3164704;2025;45.9668;São Sebastião do Paraíso
2929503;2025;9.79618;São Sebastião do Passé
3164803;2025;0;São Sebastião do Rio Preto
3164902;2025;10.33058;São Sebastião do Rio Verde
1720309;2025;0;São Sebastião do Tocantins
1303957;2025;0;São Sebastião do Uatumã
2515203;2025;0;São Sebastião do Umbuzeiro
4319604;2025;27.51224;São Sepé
3550902;2025;1.86263;São Simão
5220405;2025;19.46772;São Simão
3165206;2025;2.85714;São Thomé das Letras
3165008;2025;4.04131;São Tiago
3165107;2025;9.83607;São Tomás de Aquino
2412906;2025;7.04225;São Tomé
4126108;2025;7.23982;São Tomé
4319703;2025;377.47525;São Valentim
4319711;2025;9.4518;São Valentim do Sul
1720499;2025;2.05128;São Valério
4319737;2025;3.53357;São Valério do Sul
4319752;2025;1.53374;São Vendelino
2413003;2025;11.55116;São Vicente
3551009;2025;19.00354;São Vicente
2111706;2025;32.25806;São Vicente Ferrer
2613800;2025;11.79245;São Vicente Ferrer
3165305;2025;7.31452;São Vicente de Minas
2515401;2025;9.93789;São Vicente do Seridó
4319802;2025;26.08696;São Vicente do Sul
4320453;2025;28.36879;Sério
2111805;2025;7.95545;Sítio Novo
2413706;2025;0;Sítio Novo
1720804;2025;3.49162;Sítio Novo do Tocantins
5220702;2025;0;Sítio d'Abadia
2930758;2025;6.15006;Sítio do Mato
2930766;2025;31.80212;Sítio do Quinto
5107941;2025;5.92832;Tabaporã
3552601;2025;14.96366;Tabapuã
1304062;2025;8.38993;Tabatinga
3552700;2025;10.09518;Tabatinga
4320859;2025;11.59115;Tabaí
2614600;2025;48.86831;Tabira
2930907;2025;7.18133;Tabocas do Brejo Velho
2413805;2025;0;Taboleiro Grande
3552809;2025;33.54129;Taboão da Serra
3167905;2025;12.6183;Tabuleiro
2313104;2025;34.30657;Tabuleiro do Norte
2614709;2025;24.37786;Tacaimbó
2614808;2025;1.88857;Tacaratu
3552908;2025;4.53309;Taciba
2516409;2025;0;Tacima
5007950;2025;13.2626;Tacuru
1720903;2025;11.16334;Taguatinga
3553005;2025;0.83455;Taguaí
3553104;2025;1.30719;Taiaçu
1507953;2025;7.88535;Tailândia
3168002;2025;26.69864;Taiobeiras
1720937;2025;0;Taipas do Tocantins
2413904;2025;0;Taipu
4217808;2025;20.63086;Taió
3553203;2025;0;Taiúva
1720978;2025;0;Talismã
2614857;2025;39.05005;Tamandaré
4126678;2025;5.48523;Tamarana
3553302;2025;14.95726;Tambaú
4126702;2025;17.75148;Tamboara
2313203;2025;3.09685;Tamboril
2210953;2025;0;Tamboril do Piauí
3553401;2025;18.82648;Tanabi
2414001;2025;20.09274;Tangará
4217907;2025;6.65499;Tangará
5107958;2025;32.13777;Tangará da Serra
3305752;2025;9.60196;Tanguá
2931004;2025;8.23799;Tanhaçu
2931053;2025;26.93788;Tanque Novo
2709004;2025;0;Tanque d'Arca
2210979;2025;0;Tanque do Piauí
2931103;2025;8.64198;Tanquinho
3168051;2025;1.53139;Taparuba
1304104;2025;0;Tapauá
4126801;2025;6.23656;Tapejara
4320909;2025;13.81241;Tapejara
4321006;2025;18.51193;Tapera
2516508;2025;2.94551;Taperoá
2931202;2025;6.36042;Taperoá
4321105;2025;20.37422;Tapes
3168101;2025;2.41296;Tapira
4126900;2025;0;Tapira
2931301;2025;3.77358;Tapiramutá
3553609;2025;3.89933;Tapiratiba
3168200;2025;0;Tapiraí
3553500;2025;1.72117;Tapiraí
5108006;2025;8.7395;Tapurah
4321204;2025;26.90658;Taquara
3553658;2025;18.46966;Taquaral
5221007;2025;7.46269;Taquaral de Goiás
2709103;2025;27.42772;Taquarana
3168309;2025;0;Taquaraçu de Minas
4321303;2025;22.20013;Taquari
3553708;2025;21.31758;Taquaritinga
2615003;2025;13.53144;Taquaritinga do Norte
3553807;2025;18.87698;Taquarituba
3553856;2025;0;Taquarivaí
5007976;2025;1.22399;Taquarussu
4321329;2025;1.72414;Taquaruçu do Sul
3553906;2025;0.78989;Tarabai
1200609;2025;12.69945;Tarauacá
2313252;2025;2.7972;Tarrafas
1600709;2025;0;Tartarugalzinho
3168408;2025;10.98901;Tarumirim
3553955;2025;1.98413;Tarumã
2112001;2025;5.11207;Tasso Fragoso
3554003;2025;34.31257;Tatuí
3554102;2025;20.85377;Taubaté
2313302;2025;8.60431;Tauá
2516607;2025;20.81448;Tavares
4321352;2025;5.36913;Tavares
1304203;2025;9.41347;Tefé
2516706;2025;19.2484;Teixeira
4127007;2025;6.34633;Teixeira Soares
2931350;2025;22.34507;Teixeira de Freitas
3168507;2025;8.9172;Teixeiras
1101559;2025;55.7554;Teixeirópolis
3554201;2025;0;Tejupá
2313351;2025;0;Tejuçuoca
2807303;2025;0;Telha
4127106;2025;9.86177;Telêmaco Borba
2414100;2025;73.5786;Tenente Ananias
2414159;2025;1.95313;Tenente Laurentino Cruz
4321402;2025;19.56776;Tenente Portela
2516755;2025;0;Tenório
2931400;2025;8.54701;Teodoro Sampaio
3554300;2025;10.49031;Teodoro Sampaio
2931509;2025;18.14516;Teofilândia
2931608;2025;1.58103;Teolândia
2709152;2025;28.12186;Teotônio Vilela
5008008;2025;4.20875;Terenos
2211001;2025;20.25564;Teresina
5221080;2025;5.31915;Teresina de Goiás
3305802;2025;33.13656;Teresópolis
2615102;2025;5.11509;Terezinha
5221197;2025;6.23053;Terezópolis de Goiás
1507961;2025;0;Terra Alta
4127205;2025;8.61759;Terra Boa
2615201;2025;1.443;Terra Nova
2931707;2025;2.16099;Terra Nova
5108055;2025;16.97381;Terra Nova do Norte
4127304;2025;13.26413;Terra Rica
3554409;2025;16.61392;Terra Roxa
4127403;2025;16.06203;Terra Roxa
1507979;2025;4.7089;Terra Santa
4321436;2025;13.49642;Terra de Areia
5108105;2025;3.03951;Tesouro
4321451;2025;25.4616;Teutônia
3168606;2025;24.03875;Teófilo Otoni
1101609;2025;2.91262;Theobroma
2313401;2025;21.42625;Tianguá
4127502;2025;9.77587;Tibagi
2411056;2025;28.59696;Tibau
2414209;2025;5.85407;Tibau do Sul
3554508;2025;13.57876;Tietê
4217956;2025;29.5082;Tigrinhos
4218004;2025;18.3328;Tijucas
4127601;2025;16.81261;Tijucas do Sul
2615300;2025;20.60591;Timbaúba
2414308;2025;6.07903;Timbaúba dos Batistas
2112100;2025;7.17905;Timbiras
3554607;2025;2.23214;Timburi
4218103;2025;14.4648;Timbé do Sul
4218202;2025;88.92803;Timbó
4218251;2025;3.17058;Timbó Grande
2112209;2025;18.78346;Timon
3168705;2025;12.76079;Timóteo
4321469;2025;0;Tio Hugo
3168804;2025;27.28158;Tiradentes
4321477;2025;16.19433;Tiradentes do Sul
3168903;2025;5.33491;Tiros
2807402;2025;25.05148;Tobias Barreto
3169000;2025;28.85748;Tocantins
1721208;2025;4.6281;Tocantinópolis
1721109;2025;0;Tocantínia
3169059;2025;2.6455;Tocos do Moji
3169109;2025;0;Toledo
4127700;2025;21.53303;Toledo
2807501;2025;3.996;Tomar do Geru
4127809;2025;5.43478;Tomazina
3169208;2025;22.9682;Tombos
1508001;2025;22.21703;Tomé-Açu
1304237;2025;0;Tonantins
2615409;2025;7.29217;Toritama
5108204;2025;14.5808;Torixoréu
4321493;2025;0;Toropi
3554656;2025;0;Torre de Pedra
4321501;2025;44.65316;Torres
3554706;2025;6.30169;Torrinha
2414407;2025;23.82227;Touros
3554755;2025;3.45423;Trabiju
1508035;2025;5.26316;Tracuateua
2615508;2025;3.89712;Tracunhaém
2709202;2025;0;Traipu
2313500;2025;15.02233;Trairi
1508050;2025;4.08163;Trairão
3305901;2025;14.95581;Trajano de Moraes
4321600;2025;29.63847;Tramandaí
4321626;2025;0;Travesseiro
2931806;2025;0;Tremedal
3554805;2025;14.64938;Tremembé
4218350;2025;7.98403;Treviso
4218509;2025;17.01021;Treze Tílias
4218400;2025;6.13732;Treze de Maio
2615607;2025;4.10798;Trindade
5221403;2025;15.31005;Trindade
4321956;2025;5.32978;Trindade do Sul
2516805;2025;0;Triunfo
2615706;2025;8.51668;Triunfo
4322004;2025;3.68246;Triunfo
2414456;2025;0;Triunfo Potiguar
2112233;2025;5.01567;Trizidela do Vale
5221452;2025;0;Trombas
4218608;2025;6.25838;Trombudo Central
4321634;2025;1.13379;Três Arroios
4218301;2025;3.78733;Três Barras
4127858;2025;12.60081;Três Barras do Paraná
4321667;2025;9.00621;Três Cachoeiras
3169307;2025;14.28111;Três Corações
4321709;2025;9.0451;Três Coroas
4321832;2025;0;Três Forquilhas
3554904;2025;0.96572;Três Fronteiras
5008305;2025;13.64221;Três Lagoas
3169356;2025;14.12649;Três Marias
4321857;2025;6.72948;Três Palmeiras
4321907;2025;26.37244;Três Passos
3169406;2025;41.23116;Três Pontas
5221304;2025;44.77612;Três Ranchos
3306008;2025;25.00708;Três Rios
4321808;2025;65.16256;Três de Maio
4218707;2025;45.5329;Tubarão
2931905;2025;24.01164;Tucano
1508084;2025;10.72059;Tucumã
4322103;2025;17.65317;Tucunduva
1508100;2025;23.37853;Tucuruí
2112274;2025;0;Tufilândia
3554953;2025;12.93661;Tuiuti
3169505;2025;13.67521;Tumiritinga
4322152;2025;10.10101;Tunas
4127882;2025;8.63664;Tunas do Paraná
4127908;2025;4.4843;Tuneiras do Oeste
2112308;2025;49.48702;Tuntum
4218756;2025;50.27494;Tunápolis
3169604;2025;16.0232;Tupaciguara
2615805;2025;8.99032;Tupanatinga
4322186;2025;9.90099;Tupanci do Sul
4322202;2025;17.92603;Tupanciretã
4322251;2025;3.82723;Tupandi
4322301;2025;18.18182;Tuparendi
2615904;2025;25.05695;Tuparetama
3555109;2025;31.30812;Tupi Paulista
1721257;2025;0;Tupirama
1721307;2025;0;Tupiratins
3555000;2025;42.78635;Tupã
4127957;2025;6.9735;Tupãssi
2112407;2025;27.00922;Turiaçu
2112456;2025;18.66667;Turilândia
3555208;2025;19.66292;Turiúba
3169703;2025;18.14729;Turmalina
3555307;2025;0;Turmalina
2313559;2025;1.72513;Tururu
4322327;2025;0;Turuçu
5221551;2025;1.88893;Turvelândia
4127965;2025;7.57849;Turvo
4218806;2025;18.69936;Turvo
3169802;2025;7.82014;Turvolândia
5221502;2025;12.33299;Turvânia
2112506;2025;48.63865;Tutóia
1304260;2025;0;Uarini
2932002;2025;6.89655;Uauá
2932200;2025;6.04433;Ubaitaba
2313609;2025;16.06308;Ubajara
3170057;2025;19.83219;Ubaporanga
3555356;2025;0;Ubarana
3555406;2025;28.02229;Ubatuba
2932309;2025;13.30008;Ubatã
3170008;2025;0;Ubaí
2932101;2025;32.62643;Ubaíra
3170107;2025;24.03754;Uberaba
3170206;2025;50.32375;Uberlândia
3555505;2025;0.63857;Ubirajara
4128005;2025;7.02085;Ubiratã
4322343;2025;3.67647;Ubiretama
3169901;2025;29.11672;Ubá
3555604;2025;10.50558;Uchoa
2932408;2025;2.7907;Uibaí
1400704;2025;0;Uiramutã
5221577;2025;12.62626;Uirapuru
2516904;2025;19.37984;Uiraúna
1508126;2025;9.4376;Ulianópolis
2313708;2025;7.26612;Umari
2414506;2025;16.37666;Umarizal
2807600;2025;18.49711;Umbaúba
2932457;2025;8.18235;Umburanas
3170305;2025;0;Umburatiba
2517001;2025;0;Umbuzeiro
2313757;2025;31.19957;Umirim
4128104;2025;29.36675;Umuarama
2932507;2025;2.10674;Una
3170404;2025;22.99109;Unaí
4128302;2025;0;Uniflor
4322376;2025;0;Unistalda
2211100;2025;7.39258;União
3555703;2025;2.53165;União Paulista
4322350;2025;0;União da Serra
4128203;2025;21.45629;União da Vitória
3170438;2025;3.93314;União de Minas
4218855;2025;4.3956;União do Oeste
5108303;2025;0.8285;União do Sul
2709301;2025;27.58051;União dos Palmares
2414605;2025;4.0107;Upanema
2932606;2025;4.88998;Urandi
4128401;2025;10.14925;Uraí
2112605;2025;78.13816;Urbano Santos
3555901;2025;0;Uru
5221700;2025;18.65672;Uruana
3170479;2025;7.50469;Uruana de Minas
1508159;2025;35.94771;Uruará
5221601;2025;19.57619;Uruaçu
4218905;2025;27.8481;Urubici
2313807;2025;1.54799;Uruburetama
1304302;2025;0;Urucará
3170529;2025;11.92661;Urucuia
1304401;2025;2.53991;Urucurituba
3170503;2025;5.10341;Urucânia
4322400;2025;22.9186;Uruguaiana
2313906;2025;2.70392;Uruoca
4218954;2025;1.64745;Urupema
1101708;2025;14.62844;Urupá
3556008;2025;6.7659;Urupês
4219002;2025;12.18206;Urussanga
5221809;2025;1.48478;Urutaí
2932705;2025;11.51079;Uruçuca
2211209;2025;6.45919;Uruçuí
3555802;2025;12.74313;Urânia
2932804;2025;13.33333;Utinga
4322509;2025;15.89536;Vacaria
4322541;2025;32.9602;Vale Real
4322525;2025;4.08163;Vale Verde
5108352;2025;30.64067;Vale de São Domingos
1101757;2025;4.43951;Vale do Anari
1101807;2025;7.19424;Vale do Paraíso
4322533;2025;22.70148;Vale do Sol
2933000;2025;16.11047;Valente
3556107;2025;12.48357;Valentim Gentil
2932903;2025;16.65603;Valença
3306107;2025;15.43776;Valença
2211308;2025;33.17;Valença do Piauí
3556206;2025;39.34825;Valinhos
3556305;2025;7.03766;Valparaíso
5221858;2025;26.85121;Valparaíso de Goiás
4322558;2025;8.15217;Vanini
3556354;2025;26.56138;Vargem
4219150;2025;0;Vargem
3170578;2025;17.54386;Vargem Alegre
3205036;2025;20.99552;Vargem Alta
3170602;2025;1.56495;Vargem Bonita
4219176;2025;10.29917;Vargem Bonita
2112704;2025;1.37057;Vargem Grande
3556453;2025;17.35134;Vargem Grande Paulista
3170651;2025;11.69591;Vargem Grande do Rio Pardo
3556404;2025;13.89483;Vargem Grande do Sul
4219101;2025;0.67935;Vargeão
3170701;2025;32.15531;Varginha
2313955;2025;182.70525;Varjota
5221908;2025;25.88997;Varjão
3170750;2025;5.59701;Varjão de Minas
3306156;2025;14.65457;Varre-Sai
2933174;2025;5.16796;Varzedo
3170909;2025;4.70114;Varzelândia
3306206;2025;6.2118;Vassouras
3171006;2025;6.86427;Vazante
3205069;2025;24.96879;Venda Nova do Imigrante
2414753;2025;0;Venha-Ver
4128534;2025;0.7758;Ventania
2616001;2025;58.9391;Venturosa
4322608;2025;33.32302;Venâncio Aires
5108501;2025;4.91938;Vera
2414803;2025;0;Vera Cruz
2933208;2025;22.25755;Vera Cruz
3556602;2025;15.22843;Vera Cruz
4322707;2025;72.44526;Vera Cruz
4128559;2025;14.31639;Vera Cruz do Oeste
2211506;2025;0;Vera Mendes
4322806;2025;18.88423;Veranópolis
2616100;2025;4.87211;Verdejante
3171030;2025;0;Verdelândia
2933257;2025;0;Vereda
3171071;2025;3.39847;Veredinha
3171154;2025;5.8309;Vermelho Novo
2616183;2025;0;Vertente do Lério
2616209;2025;16.27486;Vertentes
4128609;2025;8.85936;Verê
3171105;2025;11.90476;Veríssimo
3171204;2025;17.65792;Vespasiano
4322855;2025;2.60417;Vespasiano Corrêa
4322905;2025;11.92843;Viadutos
4323002;2025;20.82402;Viamão
2112803;2025;37.99452;Viana
3205101;2025;16.41809;Viana
5222005;2025;20.2381;Vianópolis
4323101;2025;0;Vicente Dutra
5008404;2025;1.70455;Vicentina
5222054;2025;4.16378;Vicentinópolis
4323200;2025;0;Victor Graeff
2616308;2025;6.59229;Vicência
4219200;2025;11.11111;Vidal Ramos
4219309;2025;23.86023;Videira
3171402;2025;0;Vieiras
2517209;2025;9.97506;Vieirópolis
1508209;2025;5.6;Vigia
5105507;2025;6.86611;Vila Bela da Santíssima Trindade
5222203;2025;1.19119;Vila Boa
2415008;2025;5.29101;Vila Flor
4323309;2025;0.62893;Vila Flores
4323358;2025;0;Vila Lângaro
4323408;2025;3.26131;Vila Maria
2211605;2025;5.37634;Vila Nova do Piauí
4323457;2025;5.8651;Vila Nova do Sul
2112852;2025;22.46094;Vila Nova dos Martírios
3205150;2025;15.15152;Vila Pavão
5222302;2025;6.56716;Vila Propício
5108600;2025;19.55307;Vila Rica
3205176;2025;12.09234;Vila Valério
3205200;2025;26.79906;Vila Velha
3556701;2025;47.09192;Vinhedo
3556800;2025;13.0852;Viradouro
3171600;2025;5.5914;Virgem da Lapa
3171808;2025;22.57053;Virginópolis
3171907;2025;0;Virgolândia
3171709;2025;7.67263;Virgínia
4128658;2025;2.61438;Virmond
3172004;2025;13.32619;Visconde do Rio Branco
1508308;2025;0.71195;Viseu
4323507;2025;0;Vista Alegre
3556909;2025;3.86007;Vista Alegre do Alto
4323606;2025;3.93701;Vista Alegre do Prata
4323705;2025;1.75747;Vista Gaúcha
2505501;2025;5.15464;Vista Serrana
4219358;2025;3.26442;Vitor Meireles
4128708;2025;1.72951;Vitorino
2113009;2025;24.74645;Vitorino Freire
3205309;2025;40.01902;Vitória
3556958;2025;8.96861;Vitória Brasil
2933307;2025;19.41257;Vitória da Conquista
4323754;2025;15.07538;Vitória das Missões
2616407;2025;33.59165;Vitória de Santo Antão
1600808;2025;0;Vitória do Jari
2112902;2025;10.22222;Vitória do Mearim
1508357;2025;2.95785;Vitória do Xingu
2414902;2025;53.65854;Viçosa
2709400;2025;21.05039;Viçosa
3171303;2025;37.0401;Viçosa
2314102;2025;28.92736;Viçosa do Ceará
3172103;2025;5.07614;Volta Grande
3306305;2025;20.94784;Volta Redonda
3557006;2025;31.7438;Votorantim
3557105;2025;24.55511;Votuporanga
2414704;2025;0;Várzea
2517100;2025;0;Várzea
2314003;2025;19.71414;Várzea Alegre
2211357;2025;0;Várzea Branca
2211407;2025;9.77199;Várzea Grande
5108402;2025;21.9959;Várzea Grande
2933158;2025;7.48299;Várzea Nova
3556503;2025;15.12528;Várzea Paulista
3170800;2025;8.738;Várzea da Palma
2933059;2025;9.27767;Várzea da Roça
2933109;2025;0;Várzea do Poço
2933406;2025;14.53488;Wagner
2211704;2025;2.51256;Wall Ferraz
2933455;2025;5.56881;Wanderley
1722081;2025;0;Wanderlândia
3172202;2025;13.02083;Wenceslau Braz
4128500;2025;11.87237;Wenceslau Braz
2933505;2025;2.73373;Wenceslau Guimarães
4323770;2025;0;Westfália
4219408;2025;7.24638;Witmarsum
1722107;2025;3.61337;Xambioá
4128807;2025;46.43262;Xambrê
4323804;2025;12.38237;Xangri-lá
4219507;2025;26.56107;Xanxerê
1200708;2025;4.7138;Xapuri
4219606;2025;0;Xavantina
4219705;2025;14.27397;Xaxim
2616506;2025;4.44939;Xexéu
1508407;2025;14.07226;Xinguara
2933604;2025;31.53888;Xique-Xique
2517407;2025;0;Zabelê
3557154;2025;1.35501;Zacarias
4219853;2025;0;Zortéa
2114007;2025;3.63128;Zé Doca
1500347;2025;4.62837;Água Azul do Norte
3100609;2025;22.67819;Água Boa
5100201;2025;15.1758;Água Boa
2200202;2025;28.88087;Água Branca
2500106;2025;7.5188;Água Branca
2700102;2025;15.23297;Água Branca
5000203;2025;5.51171;Água Clara
3100708;2025;1.49254;Água Comprida
4200408;2025;3.93529;Água Doce
2100154;2025;4.70219;Água Doce do Maranhão
3200169;2025;28.74433;Água Doce do Norte
2900405;2025;71.30125;Água Fria
5200175;2025;8.96552;Água Fria de Goiás
5200209;2025;0;Água Limpa
2400406;2025;3.59712;Água Nova
2600401;2025;8.68694;Água Preta
4300059;2025;16.16628;Água Santa
2600500;2025;14.56134;Águas Belas
3100906;2025;38.96654;Águas Formosas
4200556;2025;1.31579;Águas Frias
5200258;2025;20.48531;Águas Lindas de Goiás
4200606;2025;4;Águas Mornas
3101003;2025;0;Águas Vermelhas
3500402;2025;9.11162;Águas da Prata
4200507;2025;0;Águas de Chapecó
3500501;2025;26.56609;Águas de Lindóia
3500550;2025;1.98314;Águas de Santa Bárbara
3500600;2025;2.06327;Águas de São Pedro
3200136;2025;7.14286;Águia Branca
3501202;2025;0;Álvares Florence
3501301;2025;17.94494;Álvares Machado
3501400;2025;0;Álvaro de Carvalho
4301552;2025;2.11864;Áurea
4101150;2025;120.27972;Ângulo
2900504;2025;5.67537;Érico Cardoso
1505106;2025;8.62976;Óbidos
3533809;2025;2.6455;Óleo
